title,link,Processed
"Cấm biển, hủy hơn 300 chuyến bay để tránh bão",https://vnexpress.net/truc-tiep-dien-bien-sieu-bao-yagi-4789657.html,1
"Tàu cao tốc đi Phú Quốc, Côn Đảo dừng chạy",https://vnexpress.net/tau-cao-toc-di-phu-quoc-con-dao-dung-chay-4789600.html,1
"Đêm nay siêu bão Yagi vào vịnh Bắc Bộ, gây mưa lớn và giông lốc",https://vnexpress.net/dem-nay-sieu-bao-yagi-vao-vinh-bac-bo-gay-mua-lon-va-giong-loc-4789564.html,1
Đề xuất người nổi tiếng chỉ được quảng cáo sản phẩm đã trực tiếp sử dụng,https://vnexpress.net/de-xuat-nguoi-noi-tieng-chi-duoc-quang-cao-san-pham-da-truc-tiep-su-dung-4789530.html,1
Di dời hơn 13.000 hộ dân trước bão,https://vnexpress.net/di-doi-hon-13-000-ho-dan-truoc-bao-4789503.html,1
Đóng cửa 4 sân bay để tránh bão Yagi,https://vnexpress.net/dong-cua-4-san-bay-de-tranh-bao-yagi-4789521.html,1
Bộ Chính trị phân công người điều hành Tỉnh ủy Khánh Hòa,https://vnexpress.net/bo-chinh-tri-phan-cong-nguoi-dieu-hanh-tinh-uy-khanh-hoa-4789502.html,1
Bão Yagi dự kiến đổ bộ với sức gió cấp 9-12,https://vnexpress.net/bao-yagi-du-kien-do-bo-voi-suc-gio-cap-9-12-4789442.html,1
Lũ cát cuốn trôi người đi đường ở Phan Thiết,https://vnexpress.net/lu-cat-cuon-troi-nguoi-di-duong-o-phan-thiet-4789498.html,1
'Có cơ sở quá tải vẫn cố giữ trẻ em để hút tài trợ',https://vnexpress.net/co-co-so-qua-tai-van-co-giu-tre-em-de-hut-tai-tro-4789460.html,1
Hội cựu Công an nhân dân gia nhập Mặt trận Tổ quốc Việt Nam,https://vnexpress.net/hoi-cuu-cong-an-nhan-dan-gia-nhap-mat-tran-to-quoc-viet-nam-4789378.html,1
'Nhiều lần kiểm tra Mái ấm Hoa Hồng nhưng không phát hiện bạo hành trẻ',https://vnexpress.net/nhieu-lan-kiem-tra-mai-am-hoa-hong-nhung-khong-phat-hien-bao-hanh-tre-4789427.html,1
Xe chở hành lý va chạm máy bay tại Nội Bài,https://vnexpress.net/xe-cho-hanh-ly-va-cham-may-bay-tai-noi-bai-4789410.html,1
Bí thư Thanh Hóa làm Phó ban Tổ chức Trung ương,https://vnexpress.net/bi-thu-thanh-hoa-lam-pho-ban-to-chuc-trung-uong-4789418.html,1
Sạt taluy làm hư hỏng nhà ở Đà Lạt,https://vnexpress.net/sat-lo-da-lat-4789330.html,1
Đề xuất lưu dữ liệu kiểm định khí thải xe máy trong 36 tháng,https://vnexpress.net/de-xuat-luu-du-lieu-kiem-dinh-khi-thai-xe-may-trong-36-thang-4789264.html,1
"Chuyển đổi vị trí hơn 86.000 công chức, viên chức để ngừa tham nhũng",https://vnexpress.net/chuyen-doi-vi-tri-hon-86-000-cong-chuc-vien-chuc-de-ngua-tham-nhung-4789192.html,1
Cao tốc TP HCM - Long Thành ùn ứ kéo dài khi sửa cầu,https://vnexpress.net/cao-toc-tp-hcm-long-thanh-un-u-keo-dai-khi-sua-cau-4789302.html,1
Yagi mạnh lên thành siêu bão,https://vnexpress.net/yagi-manh-len-thanh-sieu-bao-4789195.html,1
Bé 5 tuổi tử vong nghi bị bạo hành,https://vnexpress.net/be-5-tuoi-tu-vong-nghi-bi-bao-hanh-4789240.html,1
Chim quý về hồ sông Đầm sau bốn năm vắng bóng,https://vnexpress.net/chim-quy-ve-ho-song-dam-sau-bon-nam-vang-bong-4789190.html,1
"Ôtô đấu đầu xe máy, hai người tử vong",https://vnexpress.net/oto-dau-dau-xe-may-hai-nguoi-tu-vong-4789232.html,1
Bão Yagi mạnh lên cấp 15,https://vnexpress.net/bao-yagi-manh-len-cap-15-4789136.html,1
"Âu thuyền, hồ điều hòa chống ngập cho trung tâm Cần Thơ",https://vnexpress.net/au-thuyen-ho-dieu-hoa-chong-ngap-cho-trung-tam-can-tho-4788173.html,1
Từ tay trắng thành 'vua chè' đất Anh Sơn,https://vnexpress.net/tu-tay-trang-thanh-vua-che-dat-anh-son-4788644.html,1
Quận Hà Đông dự kiến làm 4 quảng trường,https://vnexpress.net/quan-ha-dong-du-kien-lam-4-quang-truong-4789111.html,1
Cựu giám đốc CDC Bình Dương được phục hồi Đảng,https://vnexpress.net/cuu-giam-doc-cdc-binh-duong-duoc-phuc-hoi-dang-4789123.html,1
Người phụ nữ bị nhánh cây rơi trúng tử vong,https://vnexpress.net/nguoi-phu-nu-bi-nhanh-cay-roi-trung-tu-vong-4789118.html,1
Vùng đảo hối hả ứng phó với bão Yagi,https://vnexpress.net/vung-dao-hoi-ha-ung-pho-voi-bao-yagi-4789089.html,1
"Ông Tô Ân Xô và Trần Đăng Quỳnh làm trợ lý Tổng Bí thư, Chủ tịch nước Tô Lâm",https://vnexpress.net/ong-to-an-xo-va-tran-dang-quynh-lam-tro-ly-tong-bi-thu-chu-tich-nuoc-to-lam-4789104.html,1
Lũ cát đỏ tràn xuống đường nối Phan Thiết - Mũi Né,https://vnexpress.net/lu-cat-do-tran-xuong-duong-noi-phan-thiet-mui-ne-4789066.html,1
Đường TP HCM ngổn ngang cây xanh sau trận cuồng phong,https://vnexpress.net/duong-tp-hcm-ngon-ngang-cay-xanh-sau-tran-cuong-phong-4789060.html,1
Yagi có thể mạnh lên siêu bão,https://vnexpress.net/yagi-co-the-manh-len-sieu-bao-4788988.html,1
Đóng một phần cầu Long Thành trên cao tốc nối TP HCM - Đồng Nai,https://vnexpress.net/dong-mot-phan-cau-long-thanh-tren-cao-toc-noi-tp-hcm-dong-nai-4789009.html,1
'Vụ trẻ bị bạo hành có sự buông lỏng quản lý từ địa phương',https://vnexpress.net/vu-tre-bi-bao-hanh-co-su-buong-long-quan-ly-tu-dia-phuong-4788989.html,1
Hàng loạt cây ở trung tâm TP HCM đổ trong mưa giông,https://vnexpress.net/hang-loat-cay-o-trung-tam-tp-hcm-do-trong-mua-giong-4789010.html,1
Chủ tịch TP HCM: Nhiều giám đốc Sở không biết nhiệm vụ của ngành,https://vnexpress.net/chu-tich-tp-hcm-nhieu-giam-doc-so-khong-biet-nhiem-vu-cua-nganh-4788918.html,1
Xuân Bắc được vinh danh cán bộ công đoàn giỏi,https://vnexpress.net/xuan-bac-duoc-vinh-danh-can-bo-cong-doan-gioi-4788929.html,1
"Ôtô container lật, đè nát xe máy ở TP HCM",https://vnexpress.net/oto-container-lat-de-nat-xe-may-o-tp-hcm-4788907.html,1
"Thông xe đường Tên Lửa, xóa nút cổ chai phía Tây TP HCM",https://vnexpress.net/thong-xe-duong-ten-lua-xoa-nut-co-chai-phia-tay-tp-hcm-4788879.html,1
Khách đi máy bay nội địa giảm mạnh dịp 2/9,https://vnexpress.net/khach-di-may-bay-noi-dia-giam-manh-dip-2-9-4788800.html,1
Xe tải biến dạng sau va chạm với tàu hỏa,https://vnexpress.net/xe-tai-bien-dang-sau-va-cham-voi-tau-hoa-4788753.html,1
Bão Yagi mạnh lên cấp 11,https://vnexpress.net/bao-yagi-manh-len-cap-11-4788727.html,1
Cao tốc qua Bà Rịa - Vũng Tàu sau hơn một năm thi công,https://vnexpress.net/cao-toc-bien-hoa-vung-tau-4787630.html,1
"5 xe tông liên hoàn, cao tốc Dầu Giây - Phan Thiết đóng đường",https://vnexpress.net/5-xe-tong-lien-hoan-cao-toc-dau-giay-phan-thiet-dong-duong-4788678.html,1
1.200 người vi phạm nồng độ cồn trong kỳ nghỉ lễ 2/9,https://vnexpress.net/1-200-nguoi-vi-pham-nong-do-con-trong-ky-nghi-le-2-9-4788653.html,1
"Dòng xe ùn ứ ở cửa ngõ TP HCM, Hà Nội",https://vnexpress.net/dong-xe-un-u-o-cua-ngo-tp-hcm-ha-noi-4788652.html,1
"Bão Yagi tăng cấp, khả năng ảnh hưởng toàn miền Bắc",https://vnexpress.net/bao-yagi-tang-cap-kha-nang-anh-huong-toan-mien-bac-4788625.html,1
Trình diễn võ Tây Sơn ở phố biển Quy Nhơn,https://vnexpress.net/trinh-dien-vo-tay-son-o-pho-bien-quy-nhon-4788498.html,1
Bão Yagi vào Biển Đông,https://vnexpress.net/bao-yagi-vao-bien-dong-4788545.html,1
Kiếm trăm triệu với farmstay xoài,https://vnexpress.net/kiem-tram-trieu-voi-farmstay-xoai-4787348.html,1
Nhà làm việc của bác sĩ Yersin trên đỉnh Hòn Bà sau tu sửa,https://vnexpress.net/nha-lam-viec-cua-bac-si-yersin-tren-dinh-hon-ba-sau-tu-sua-4788030.html,1
Ảnh đời thường Chủ tịch Hồ Chí Minh ở Ba Đình,https://vnexpress.net/anh-doi-thuong-chu-tich-ho-chi-minh-o-ba-dinh-4785223.html,1
"Bão Yagi sẽ lên cấp 14, có thể đánh chìm tàu lớn",https://vnexpress.net/bao-yagi-se-len-cap-14-co-kha-nang-danh-chim-tau-lon-4788683.html,1
Ôtô tông liên hoàn 5 xe máy,https://vnexpress.net/oto-tong-lien-hoan-5-xe-may-4788484.html,1
Pháo hoa rực sáng trên bầu trời TP HCM mừng Quốc khánh,https://vnexpress.net/phao-hoa-ruc-sang-tren-bau-troi-tp-hcm-mung-quoc-khanh-4788473.html,1
Không tìm thấy vật liệu nổ tại hiện trường hai vụ nổ ở Nghệ An,https://vnexpress.net/khong-tim-thay-vat-lieu-no-tai-hien-truong-hai-vu-no-o-nghe-an-4788443.html,1
Thông xe kỹ thuật cầu 500 tỷ đồng nối Đồng Nai và Bình Dương,https://vnexpress.net/thong-xe-ky-thuat-cau-500-ty-dong-noi-dong-nai-va-binh-duong-4788404.html,1
Đua thuyền mừng Tết độc lập ở Quảng Bình,https://vnexpress.net/dua-thuyen-mung-tet-doc-lap-o-quang-binh-4788382.html,1
Dầu vón cục kéo dài 3 km ở bờ biển Nha Trang,https://vnexpress.net/dau-von-cuc-keo-dai-3-km-o-bo-bien-nha-trang-4788392.html,1
Hàng nghìn người xem lễ thượng cờ mừng Quốc khánh,https://vnexpress.net/hang-nghin-nguoi-xem-le-thuong-co-mung-quoc-khanh-4788387.html,1
Quốc lộ 20 qua Đà Lạt sạt lở,https://vnexpress.net/quoc-lo-20-di-doi-che-cau-dat-4788384.html,1
"Tổng Bí thư, Chủ tịch nước: 'Số hóa toàn diện hoạt động quản lý nhà nước'",https://vnexpress.net/tong-bi-thu-chu-tich-nuoc-so-hoa-toan-dien-hoat-dong-quan-ly-nha-nuoc-4788294.html,1
Đại lộ 14 km thay đổi diện mạo nội đô TP HCM,https://vnexpress.net/dai-lo-14-km-thay-doi-dien-mao-noi-do-tp-hcm-4787954.html,1
Diện mạo cao tốc TP HCM đi Mộc Bài trong tương lai,https://vnexpress.net/dien-mao-cao-toc-tp-hcm-di-moc-bai-trong-tuong-lai-4788204.html,1
Đường 1.000 tỷ đồng bị hỏng sau trận lũ đã được khắc phục,https://vnexpress.net/duong-1-000-ty-dong-bi-hong-sau-tran-lu-da-duoc-khac-phuc-4788244.html,1
Tiến độ 12 dự án cao tốc Bắc Nam,https://vnexpress.net/tien-do-12-du-an-cao-toc-bac-nam-4786632.html,1
Bốn năm Chủ tịch Hồ Chí Minh viết di chúc,https://vnexpress.net/bon-nam-chu-tich-ho-chi-minh-viet-di-chuc-4786386.html,1
Bình Định làm lễ giỗ vua Quang Trung,https://vnexpress.net/binh-dinh-lam-le-gio-vua-quang-trung-4788240.html,1
Ôtô chết máy la liệt trên quốc lộ ở Bình Dương,https://vnexpress.net/oto-chet-may-la-liet-tren-quoc-lo-o-binh-duong-4788260.html,1
Nhiều đường ở TP HCM ngập sâu trong mưa lớn dịp lễ,https://vnexpress.net/nhieu-duong-o-tp-hcm-ngap-sau-trong-mua-lon-dip-le-4788243.html,1
"Ôtô biến dạng, xe máy bốc cháy sau tai nạn, 2 người chết",https://vnexpress.net/tai-nan-o-tp-bao-loc-4788245.html,1
Thủ tướng: Nhiều nhà đầu tư lớn quan tâm dự án cảng Liên Chiểu,https://vnexpress.net/thu-tuong-nhieu-nha-dau-tu-lon-quan-tam-du-an-cang-lien-chieu-4788230.html,1
Thủ tướng Phạm Minh Chính thăm học sinh Trường Hy Vọng,https://vnexpress.net/thu-tuong-pham-minh-chinh-tham-hoc-sinh-truong-hy-vong-4788190.html,1
Bộ đội Việt Nam vẽ quốc kỳ 100 m2 trên mái nhà,https://vnexpress.net/bo-doi-viet-nam-ve-quoc-ky-100-m2-tren-mai-nha-4788128.html,1
"Cháy kho ở TP Bảo Lộc, thiêu rụi 5 ôtô",https://vnexpress.net/chay-kho-o-tp-bao-loc-4788144.html,1
Tài xế vụ ôtô bị tàu tông đẩy hơn 200 m tử vong,https://vnexpress.net/tai-xe-vu-oto-bi-tau-tong-day-hon-200-m-tu-vong-4788130.html,1
"Nổ trạm biến áp, hơn 100.000 người mất điện",https://vnexpress.net/no-tram-bien-ap-hon-100-000-nguoi-mat-dien-4788127.html,1
Dự án chống ngập cao tốc không thể xong trước cao điểm mùa mưa,https://vnexpress.net/du-an-chong-ngap-cao-toc-khong-the-xong-truoc-cao-diem-mua-mua-4788005.html,1
Cấm xe 20 tuyến đường trung tâm TP HCM tối 2/9,https://vnexpress.net/cam-xe-20-tuyen-duong-trung-tam-tp-hcm-toi-2-9-4787999.html,1
Nhà ga sân bay Long Thành sau một năm xây dựng,https://vnexpress.net/nha-ga-san-bay-long-thanh-sau-mot-nam-xay-dung-4787300.html,1
Chính sách nổi bật có hiệu lực từ tháng 9,https://vnexpress.net/chinh-sach-noi-bat-co-hieu-luc-tu-thang-9-4787159.html,1
Khởi nghiệp nuôi gà 'nhân đạo',https://vnexpress.net/khoi-nghiep-nuoi-ga-nhan-dao-4786554.html,1
Thừa Thiên Huế sắp thành đô thị loại I,https://vnexpress.net/thua-thien-hue-sap-thanh-do-thi-loai-i-4787790.html,1
Mây lạ xuất hiện ở Bình Dương,https://vnexpress.net/may-la-xuat-hien-o-binh-duong-4788025.html,1
Lội bùn bắt cá trong lễ hội 'phá Trằm Trà Lộc',https://vnexpress.net/loi-bun-bat-ca-trong-le-hoi-pha-tram-tra-loc-4787970.html,1
Hai anh em đuối nước trên sông Bồ,https://vnexpress.net/hai-anh-em-duoi-nuoc-tren-song-bo-4788024.html,1
"Đà Nẵng phá bỏ hai khu chung cư cũ nát làm công viên, bãi đỗ xe",https://vnexpress.net/da-nang-pha-bo-hai-khu-chung-cu-cu-nat-lam-cong-vien-bai-do-xe-4787992.html,1
"Thủ tướng: Tạo thuận lợi nhất cho người dân, doanh nghiệp làm thủ tục hành chính",https://vnexpress.net/thu-tuong-tao-thuan-loi-nhat-cho-nguoi-dan-doanh-nghiep-lam-thu-tuc-hanh-chinh-4787889.html,1
Ôtô hạng sang biến dạng sau tai nạn,https://vnexpress.net/oto-hang-sang-bien-dang-sau-tai-nan-4787983.html,1
Lễ cầu siêu cho nạn nhân tai nạn giao thông,https://vnexpress.net/le-cau-sieu-cho-nan-nhan-tai-nan-giao-thong-4787943.html,1
4 người được giải cứu trong vụ cháy chung cư,https://vnexpress.net/4-nguoi-duoc-giai-cuu-trong-vu-chay-chung-cu-4787876.html,1
Kẹt xe từ sáng tới trưa ở cửa ngõ phía Đông TP HCM,https://vnexpress.net/ket-xe-tu-sang-toi-trua-o-cua-ngo-phia-dong-tp-hcm-4787917.html,1
Đường ven biển 1.000 tỷ đồng hư hỏng sau trận ngập,https://vnexpress.net/duong-ven-bien-1-000-ty-dong-hu-hong-sau-tran-ngap-4787884.html,1
Phà mới tốc độ cao ra đảo Cát Bà,https://vnexpress.net/pha-moi-toc-do-cao-ra-dao-cat-ba-4787752.html,1
5 sinh viên lạc trong rừng khi leo đỉnh Langbiang,https://vnexpress.net/leo-nui-langbiang-4787865.html,1
Bình Định khánh thành đường xuống biển Tam Quan,https://vnexpress.net/binh-dinh-khanh-thanh-duong-xuong-bien-tam-quan-4787786.html,1
Cao tốc Mai Sơn - quốc lộ 45 tê liệt nhiều giờ sau tai nạn,https://vnexpress.net/cao-toc-mai-son-quoc-lo-45-te-liet-nhieu-gio-sau-tai-nan-4787856.html,1
Nhà hai tầng ở TP HCM cháy ngùn ngụt,https://vnexpress.net/nha-hai-tang-o-tp-hcm-chay-ngun-ngut-4787841.html,1
Tháp hình cánh hoa dầu cao 24 m ở phố đi bộ Bình Dương,https://vnexpress.net/thap-hinh-canh-hoa-dau-cao-24-m-o-pho-di-bo-binh-duong-4787312.html,1
Học viên người Việt lần đầu vận hành thử Metro số 1,https://vnexpress.net/hoc-vien-nguoi-viet-lan-dau-van-hanh-thu-metro-so-1-4787748.html,1
Đà Nẵng khánh thành quảng trường 10 ha,https://vnexpress.net/da-nang-khanh-thanh-quang-truong-10-ha-4787791.html,1
Ba nam sinh nhận huy hiệu Tuổi trẻ dũng cảm vì cứu hai người đuối nước,https://vnexpress.net/ba-nam-sinh-nhan-huy-hieu-tuoi-tre-dung-cam-vi-cuu-hai-nguoi-duoi-nuoc-4787751.html,1
Nhiều chuyến bay còn trống chỗ dịp 2/9,https://vnexpress.net/nhieu-chuyen-bay-con-trong-cho-dip-2-9-4787726.html,1
"Dòng xe ùn ứ ở cửa ngõ Hà Nội, TP HCM trước kỳ nghỉ lễ",https://vnexpress.net/dong-xe-un-u-o-cua-ngo-ha-noi-tp-hcm-truoc-ky-nghi-le-4787702.html,1
Đèo Bảo Lộc nguy cơ sạt lở,https://vnexpress.net/deo-bao-loc-sat-lo-4787737.html,1
Nhiều nơi mưa vào chiều tối dịp nghỉ lễ 2/9,https://vnexpress.net/nhieu-noi-mua-vao-chieu-toi-dip-nghi-le-2-9-4787704.html,1
Tàu hỏa đẩy ôtô hơn 200 m sau tai nạn,https://vnexpress.net/tau-hoa-day-oto-hon-200-m-sau-tai-nan-4787625.html,1
Liên danh Hàn Quốc tư vấn quản lý khai thác sân bay Long Thành,https://vnexpress.net/lien-danh-han-quoc-tu-van-quan-ly-khai-thac-san-bay-long-thanh-4787581.html,1
Bên trong nhà máy xử lý nước thải lớn nhất nước ở TP HCM,https://vnexpress.net/ben-trong-nha-may-xu-ly-nuoc-thai-lon-nhat-nuoc-o-tp-hcm-4787524.html,1
TP HCM sẽ giải tỏa hơn 1.800 hộ làm cao tốc nối đến Mộc Bài,https://vnexpress.net/tp-hcm-se-giai-toa-hon-1-800-ho-lam-cao-toc-noi-den-moc-bai-4787536.html,1
"Lãnh đạo Đảng, Nhà nước vào lăng viếng Chủ tịch Hồ Chí Minh",https://vnexpress.net/lanh-dao-dang-nha-nuoc-vao-lang-vieng-chu-tich-ho-chi-minh-4787516.html,1
Bộ đội rà soát hiện trường hai vụ nổ ở Nghệ An,https://vnexpress.net/bo-doi-ra-soat-hien-truong-hai-vu-no-o-nghe-an-4787440.html,1
"Lào Cai, Thái Nguyên ngập sâu do mưa lớn",https://vnexpress.net/lao-cai-thai-nguyen-ngap-sau-do-mua-lon-4787456.html,1
"Đường xuyên rặng dừa, nối phố biển trước ngày khánh thành",https://vnexpress.net/duong-xuyen-rang-dua-noi-pho-bien-truoc-ngay-khanh-thanh-4786427.html,1
Dùng flycam chống kẹt xe cầu Rạch Miễu dịp lễ 2/9,https://vnexpress.net/dung-flycam-chong-ket-xe-cau-rach-mieu-dip-le-2-9-4787234.html,1
"Chủ đầu tư bác thông tin 'thi công đường gây ngập nhà, vườn thanh long'",https://vnexpress.net/chu-dau-tu-bac-thong-tin-thi-cong-duong-gay-ngap-nha-vuon-thanh-long-4787274.html,1
"Khách qua Tân Sơn Nhất, Nội Bài dịp lễ 2/9 giảm",https://vnexpress.net/khach-qua-tan-son-nhat-noi-bai-dip-le-2-9-giam-4787267.html,1
"Tổng Bí thư, Chủ tịch nước Tô Lâm: Việt Nam sẽ vươn mình trong kỷ nguyên mới",https://vnexpress.net/tong-bi-thu-chu-tich-nuoc-to-lam-viet-nam-se-vuon-minh-trong-ky-nguyen-moi-4787309.html,1
'Xây dựng ngoại giao thời đại mới',https://vnexpress.net/xay-dung-ngoai-giao-thoi-dai-moi-4787288.html,1
Tiếp tục nổ lớn khi dọn dẹp hiện trường vụ nổ ở Nghệ An,https://vnexpress.net/tiep-tuc-no-lon-khi-don-dep-hien-truong-vu-no-o-nghe-an-4787286.html,1
Xe khách cháy đỏ rực trên cao tốc Cam Lâm - Vĩnh Hảo,https://vnexpress.net/xe-khach-chay-do-ruc-tren-cao-toc-cam-lam-vinh-hao-4787285.html,1
Chủ tịch tỉnh Bắc Giang Lê Ánh Dương bị cảnh cáo,https://vnexpress.net/chu-tich-tinh-bac-giang-le-anh-duong-bi-canh-cao-4787277.html,1
Nhiều cây ở Hà Nội bật gốc sau cơn giông 5 phút,https://vnexpress.net/nhieu-cay-o-ha-noi-bat-goc-sau-con-giong-5-phut-4787117.html,1
TP HCM có thêm 1.500 căn nhà ở xã hội,https://vnexpress.net/tp-hcm-co-them-1-500-can-nha-o-xa-hoi-4787082.html,1
Lương hưu sẽ được chi trả sau nghỉ lễ Quốc khánh,https://vnexpress.net/luong-huu-se-duoc-chi-tra-sau-nghi-le-quoc-khanh-4787078.html,1
Đại lộ Vinh - Cửa Lò rộng 72 m thông xe,https://vnexpress.net/dai-lo-vinh-cua-lo-rong-72-m-thong-xe-4786914.html,1
"Tài xế tử vong, mắc kẹt trong cabin sau tai nạn",https://vnexpress.net/tai-xe-tu-vong-mac-ket-trong-cabin-sau-tai-nan-4786944.html,1
Robot đào ngầm hơn 120 m metro Nhổn - ga Hà Nội,https://vnexpress.net/robot-dao-ngam-hon-120-m-metro-nhon-ga-ha-noi-4786879.html,1
Hàng chục hecta thanh long ngập úng trong lũ,https://vnexpress.net/hang-chuc-hecta-thanh-long-ngap-ung-trong-lu-4786807.html,1
'Xử lý trách nhiệm người đứng đầu nếu thiếu quyết liệt chống khai thác hải sản trái phép',https://vnexpress.net/xu-ly-trach-nhiem-nguoi-dung-dau-neu-thieu-quyet-liet-chong-khai-thac-hai-san-trai-phep-4786850.html,1
Người đàn ông tử vong khi bị xe tải cán qua hai lần,https://vnexpress.net/nguoi-dan-ong-tu-vong-khi-bi-xe-tai-can-qua-hai-lan-4786831.html,1
'Cần đơn giản hóa cấp phép tàu bay không người lái cho mục đích giải trí',https://vnexpress.net/can-don-gian-hoa-cap-phep-tau-bay-khong-nguoi-lai-cho-muc-dich-giai-tri-4786830.html,1
"Hoàn thành xây dựng Quân đội tinh, gọn, mạnh vào năm 2025",https://vnexpress.net/hoan-thanh-xay-dung-quan-doi-tinh-gon-manh-vao-nam-2025-4786775.html,1
"Nhà cửa, vườn thanh long ở Bình Thuận chìm trong biển nước",https://vnexpress.net/nha-cua-vuon-thanh-long-o-binh-thuan-chim-trong-bien-nuoc-4786663.html,1
Gắn biển di sản quần thể thiết sam và pơ mu cổ thụ,https://vnexpress.net/gan-bien-di-san-quan-the-thiet-sam-va-po-mu-co-thu-4786591.html,1
Ôtô có thể không được chạy quá tốc độ thiết kế đường cao tốc,https://vnexpress.net/oto-co-the-khong-duoc-chay-qua-toc-do-thiet-ke-duong-cao-toc-4786587.html,1
Danh sách thành viên Chính phủ nhiệm kỳ 2021-2026,https://vnexpress.net/interactive/2024/thanh-vien-chinh-phu-nhiem-ky-2021-2026,1
Đèo Tà Nung ở cửa ngõ Đà Lạt sạt lở,https://vnexpress.net/deo-ta-nung-o-cua-ngo-da-lat-sat-lo-4786335.html,1
Xe khách chở 15 người lao xuống suối,https://vnexpress.net/xe-khach-cho-15-nguoi-lao-xuong-suoi-4786308.html,1
Quốc lộ 14 sụt lún một năm trước do 'mưa đột biến',https://vnexpress.net/quoc-lo-14-sut-lun-mot-nam-truoc-do-mua-dot-bien-4786218.html,1
Phan Thiết mở rộng đường huyết mạch,https://vnexpress.net/phan-thiet-mo-rong-duong-huyet-mach-4786133.html,1
Nam dân quân tự vệ tử vong sau tiếng nổ,https://vnexpress.net/nam-dan-quan-tu-ve-tu-vong-sau-tieng-no-4786249.html,1
20 năm TP HCM chưa thể thu hồi 1.200 tỷ đồng tạm ứng,https://vnexpress.net/20-nam-tp-hcm-chua-the-thu-hoi-1-200-ty-dong-tam-ung-4786194.html,1
"Tiểu sử tân Chánh án TAND Tối cao, Viện trưởng VKSND Tối cao",https://vnexpress.net/tieu-su-tan-chanh-an-tand-toi-cao-vien-truong-vksnd-toi-cao-4786157.html,1
Trung tâm đào tạo cán bộ trăm tỷ đồng bị bỏ hoang,https://vnexpress.net/trung-tam-dao-tao-can-bo-tram-ty-dong-bi-bo-hoang-4785962.html,1
Sập sàn tòa nhà ở trung tâm TP HCM,https://vnexpress.net/sap-san-toa-nha-o-trung-tam-tp-hcm-4786193.html,1
Phát hiện khu cư trú người tiền sử niên đại 8.000 năm ở Bắc Kạn,https://vnexpress.net/phat-hien-khu-cu-tru-nguoi-tien-su-nien-dai-8-000-nam-o-bac-kan-4786061.html,1
Ông Rah Lan Chung làm Chủ tịch Gia Lai,https://vnexpress.net/ong-rah-lan-chung-lam-chu-tich-gia-lai-4784337.html,1
Thí điểm cấp phiếu lý lịch tư pháp qua VNeID trên cả nước từ 1/10,https://vnexpress.net/thi-diem-cap-phieu-ly-lich-tu-phap-qua-vneid-tren-ca-nuoc-tu-1-10-4786036.html,1
Đường 800 tỷ đồng ở Bảo Lộc chưa sử dụng đã tan nát,https://vnexpress.net/duong-800-ty-dong-o-bao-loc-chua-su-dung-da-tan-nat-4785852.html,1
Thế bế tắc của ruộng lúa miền Tây,https://vnexpress.net/the-be-tac-cua-ruong-lua-mien-tay-4785191.html,1
Gần 1.000 tỷ đồng nâng cấp đường nối Long An - TP HCM,https://vnexpress.net/gan-1-000-ty-dong-nang-cap-duong-noi-long-an-tp-hcm-4785967.html,1
Tài xế chạy ngược chiều trên làn 120 km/h cao tốc Hà Nội - Hải Phòng,https://vnexpress.net/tai-xe-chay-nguoc-chieu-tren-lan-120-km-h-cao-toc-ha-noi-hai-phong-4785944.html,1
Mưa lớn cuốn trôi ôtô ở Bình Dương,https://vnexpress.net/mua-lon-cuon-troi-oto-o-binh-duong-4785945.html,1
"Tàu vướng dây cáp, đường TP HCM ùn tắc kéo dài",https://vnexpress.net/tau-vuong-day-cap-duong-tp-hcm-un-tac-keo-dai-4785935.html,1
Người đàn ông suýt bị thang máy kẹp,https://vnexpress.net/nguoi-dan-ong-suyt-bi-thang-may-kep-4785929.html,1
"Nhiều tổ chức, cá nhân bị kỷ luật do sai phạm ở dự án điện gió",https://vnexpress.net/nhieu-to-chuc-ca-nhan-bi-ky-luat-do-sai-pham-o-du-an-dien-gio-4785813.html,1
Quốc hội sẽ bầu Chủ tịch nước vào tháng 10,https://vnexpress.net/quoc-hoi-se-bau-chu-tich-nuoc-vao-thang-10-4785891.html,1
Quốc hội miễn nhiệm bốn cán bộ cấp cao để nhận nhiệm vụ mới,https://vnexpress.net/quoc-hoi-mien-nhiem-bon-can-bo-cap-cao-de-nhan-nhiem-vu-moi-4785632.html,1
Ông Lê Thanh Vân bị bãi nhiệm đại biểu Quốc hội,https://vnexpress.net/ong-le-thanh-van-bi-bai-nhiem-dai-bieu-quoc-hoi-4785625.html,1
"Quốc hội miễn nhiệm một Phó thủ tướng, một Bộ trưởng",https://vnexpress.net/quoc-hoi-mien-nhiem-mot-pho-thu-tuong-mot-bo-truong-4785479.html,1
Quốc hội phê chuẩn bổ nhiệm hai Bộ trưởng,https://vnexpress.net/quoc-hoi-phe-chuan-bo-nhiem-hai-bo-truong-4785482.html,1
Quốc hội phê chuẩn bổ nhiệm 3 Phó thủ tướng,https://vnexpress.net/quoc-hoi-phe-chuan-bo-nhiem-3-pho-thu-tuong-4785490.html,1
Ông Nguyễn Huy Tiến làm Viện trưởng Viện Kiểm sát nhân dân Tối cao,https://vnexpress.net/ong-nguyen-huy-tien-lam-vien-truong-vien-kiem-sat-nhan-dan-toi-cao-4785617.html,1
Ông Lê Minh Trí giữ chức Chánh án Tòa án nhân dân Tối cao,https://vnexpress.net/ong-le-minh-tri-giu-chuc-chanh-an-toa-an-nhan-dan-toi-cao-4785582.html,1
7 người ngăn chặn cây xăng bùng cháy được khen thưởng,https://vnexpress.net/7-nguoi-ngan-chan-cay-xang-bung-chay-duoc-khen-thuong-4785767.html,1
Đường lên huyện Mường Lát tê liệt vì sạt lở,https://vnexpress.net/duong-len-huyen-muong-lat-te-liet-vi-sat-lo-4785752.html,1
Đề xuất hơn 3.400 tỷ đồng xây đường băng số 2 sân bay Long Thành,https://vnexpress.net/de-xuat-hon-3-400-ty-dong-xay-duong-bang-so-2-san-bay-long-thanh-4785688.html,1
Quốc hội họp bất thường kiện toàn nhiều vị trí cán bộ cấp cao,https://vnexpress.net/quoc-hoi-hop-bat-thuong-kien-toan-nhieu-vi-tri-can-bo-cap-cao-4785466.html,1
Nông dân miền Tây 'hụt hơi' sau cuộc đua năng suất,https://vnexpress.net/nong-dan-mien-tay-hut-hoi-sau-cuoc-dua-nang-suat-4783170.html,1
Cảnh cơ cực của gia đình bốn con,https://vnexpress.net/canh-co-cuc-cua-gia-dinh-bon-con-4785207.html,1
Hà Nội tu bổ đài phun nước Con Cóc,https://vnexpress.net/ha-noi-tu-bo-dai-phun-nuoc-con-coc-4785548.html,1
Lâm Đồng kiến nghị sớm làm cao tốc Đà Lạt nối Nha Trang,https://vnexpress.net/cao-toc-nha-trang-da-lat-4785537.html,1
Cứu tài xế xe container bị lũ cuốn,https://vnexpress.net/cuu-tai-xe-xe-container-bi-lu-cuon-4785534.html,1
"Hai người chết do sét đánh, lũ cuốn",https://vnexpress.net/hai-nguoi-chet-do-set-danh-lu-cuon-4785459.html,1
Liên danh Đèo Cả khiếu nại gói thầu 6.300 tỷ đồng sân bay Long Thành,https://vnexpress.net/lien-danh-deo-ca-khieu-nai-goi-thau-6-300-ty-dong-san-bay-long-thanh-4785013.html,1
Miền Bắc tuần tới tạnh ráo,https://vnexpress.net/mien-bac-tuan-toi-tanh-rao-4785455.html,1
"Xe tải đâm sập nhà dân, một người chết",https://vnexpress.net/xe-tai-dam-sap-nha-dan-mot-nguoi-chet-4785435.html,1
Tượng đài con tàu tập kết ra Bắc hoàn thiện,https://vnexpress.net/tuong-dai-con-tau-tap-ket-ra-bac-hoan-thien-4785272.html,1
Cầu vòm thép trên sông Trà Khúc sau hai năm thi công,https://vnexpress.net/cau-vom-thep-tren-song-tra-khuc-sau-hai-nam-thi-cong-4785370.html,1
Hà Nội phân luồng giao thông dịp nghỉ lễ 2/9,https://vnexpress.net/ha-noi-phan-luong-giao-thong-dip-nghi-le-2-9-4785331.html,1
Đề xuất xây dựng một đoạn cao tốc Hà Nội - Viêng Chăn,https://vnexpress.net/de-xuat-xay-dung-mot-doan-cao-toc-ha-noi-vieng-chan-4785334.html,1
Xe đầu kéo lao xuống vực sâu hơn 100 m,https://vnexpress.net/xe-dau-keo-lao-xuong-vuc-sau-hon-100-m-4785316.html,1
270 hộ dân Nghệ An 'sống treo' trên đất Thanh Hóa,https://vnexpress.net/270-ho-dan-nghe-an-song-treo-tren-dat-thanh-hoa-4785227.html,1
Chuyên gia: Vị thế của TP HCM đang bị 'xói mòn',https://vnexpress.net/chuyen-gia-vi-the-cua-tp-hcm-dang-bi-xoi-mon-4785273.html,1
"Quốc lộ 15C sạt lở, đe dọa hàng chục hộ dân",https://vnexpress.net/quoc-lo-15c-sat-lo-de-doa-hang-chuc-ho-dan-4785266.html,1
"Cầu Long Biên, Tháp Bút được tái hiện ở phố đi bộ TP HCM",https://vnexpress.net/cau-long-bien-thap-but-duoc-tai-hien-o-pho-di-bo-tp-hcm-4785086.html,1
Hải Dương 60 năm trước,https://vnexpress.net/hai-duong-60-nam-truoc-4785067.html,1
"Nhiều chặng tàu, xe kín chỗ dịp 2/9",https://vnexpress.net/nhieu-chang-tau-xe-kin-cho-dip-2-9-4783497.html,1
Nguyên Chủ tịch tỉnh Long An bị cảnh cáo,https://vnexpress.net/nguyen-chu-tich-tinh-long-an-bi-canh-cao-4785070.html,1
Hai công nhân bị vùi lấp dưới công trình cống thoát nước,https://vnexpress.net/hai-cong-nhan-bi-vui-lap-duoi-cong-trinh-cong-thoat-nuoc-4785059.html,1
Công bố tình huống khẩn cấp sạt lở bờ biển Hải Tiến,https://vnexpress.net/cong-bo-tinh-huong-khan-cap-sat-lo-bo-bien-hai-tien-4785033.html,1
Thái Bình cam kết giữ diện tích khu bảo tồn Tiền Hải,https://vnexpress.net/thai-binh-cam-ket-giu-dien-tich-khu-bao-ton-tien-hai-4784803.html,1
Quốc hội họp xem xét công tác nhân sự,https://vnexpress.net/quoc-hoi-hop-xem-xet-cong-tac-nhan-su-4784936.html,1
Miền Bắc mưa lớn đến ngày 25/8,https://vnexpress.net/mien-bac-mua-lon-den-ngay-25-8-4784946.html,1
Thủ tướng nêu biện pháp tăng cường vai trò của phụ nữ ASEAN,https://vnexpress.net/thu-tuong-neu-bien-phap-tang-cuong-vai-tro-cua-phu-nu-asean-4784944.html,1
Ôtô chở 30 người bốc cháy trên quốc lộ 1,https://vnexpress.net/oto-cho-30-nguoi-boc-chay-tren-quoc-lo-1-4784960.html,1
"Thái Nguyên tiếp tục mưa lớn, hồ Núi Cốc xả lũ",https://vnexpress.net/thai-nguyen-tiep-tuc-mua-lon-ho-nui-coc-xa-lu-4784792.html,1
Cửa tiệm cháy lan sang ngân hàng ở TP HCM,https://vnexpress.net/cua-tiem-chay-lan-sang-ngan-hang-o-tp-hcm-4784746.html,1
3 đường bay Việt Nam vào top 10 đông khách nhất Đông Nam Á,https://vnexpress.net/3-duong-bay-viet-nam-vao-top-10-dong-khach-nhat-dong-nam-a-4784754.html,1
Ông Trần Hồng Thái làm Chủ tịch UBND Lâm Đồng,https://vnexpress.net/ong-tran-hong-thai-lam-chu-tich-ubnd-lam-dong-4784749.html,1
Mưa lớn cuốn trôi ôtô ở Thái Nguyên,https://vnexpress.net/mua-lon-cuon-troi-oto-o-thai-nguyen-4784642.html,1
"Tổng Bí thư, Chủ tịch nước Tô Lâm: Cần doanh nghiệp đủ mạnh để phát triển kinh tế",https://vnexpress.net/tong-bi-thu-chu-tich-nuoc-to-lam-can-doanh-nghiep-du-manh-de-phat-trien-kinh-te-4784628.html,1
Tổ chức đại lễ cầu siêu cho nạn nhân tai nạn giao thông,https://vnexpress.net/to-chuc-dai-le-cau-sieu-cho-nan-nhan-tai-nan-giao-thong-4784557.html,1
Giải cứu người đàn ông mắc kẹt do sạt lở đất,https://vnexpress.net/giai-cuu-nguoi-dan-ong-mac-ket-do-sat-lo-dat-4784591.html,1
Hơn 30 triệu euro xây đê biển ở Cà Mau,https://vnexpress.net/hon-30-trieu-euro-xay-de-bien-o-ca-mau-4784484.html,1
Quốc hội sửa Luật Bảo hiểm y tế vào tháng 10,https://vnexpress.net/quoc-hoi-sua-luat-bao-hiem-y-te-vao-thang-10-4784474.html,1
Ngư dân livestream kêu cứu khi tàu bị đâm chìm,https://vnexpress.net/ngu-dan-livestream-keu-cuu-khi-tau-bi-dam-chim-4784455.html,1
"Đồng nghiệp, học trò đứng ven đường tiễn biệt GS Võ Tòng Xuân",https://vnexpress.net/dong-nghiep-hoc-tro-dung-ven-duong-tien-biet-gs-vo-tong-xuan-4784315.html,1
Bộ Giao thông Vận tải sẽ bình ổn giá vé máy bay,https://vnexpress.net/bo-giao-thong-van-tai-se-binh-on-gia-ve-may-bay-4784361.html,1
'Đảm bảo đủ kinh phí giải quyết chế độ cho cán bộ dôi dư',https://vnexpress.net/dam-bao-du-kinh-phi-giai-quyet-che-do-cho-can-bo-doi-du-4784403.html,1
Xưởng đóng tàu Ba Son qua 100 năm,https://vnexpress.net/xuong-dong-tau-ba-son-qua-100-nam-4783703.html,1
Đề xuất giảm tốc độ ôtô qua trạm BOT ở TP HCM còn 30 km/h,https://vnexpress.net/de-xuat-giam-toc-do-oto-qua-tram-bot-o-tp-hcm-con-30-km-h-4784296.html,1
Phó thủ tướng Trần Lưu Quang giữ chức Trưởng ban Kinh tế Trung ương,https://vnexpress.net/pho-thu-tuong-tran-luu-quang-giu-chuc-truong-ban-kinh-te-trung-uong-4781952.html,1
"Tài xế quay đầu ôtô, chạy ngược chiều trên đường dẫn cao tốc",https://vnexpress.net/tai-xe-quay-dau-oto-chay-nguoc-chieu-tren-duong-dan-cao-toc-4784131.html,1
Chủ biệt thự trái phép ở Bình Thuận xin tự tháo dỡ trong 60 ngày,https://vnexpress.net/chu-biet-thu-trai-phep-o-binh-thuan-xin-tu-thao-do-trong-60-ngay-4784032.html,1
Dòng người viếng GS Võ Tòng Xuân,https://vnexpress.net/dong-nguoi-vieng-gs-vo-tong-xuan-4783713.html,1
Tìm thấy bé trai sau 5 ngày mất tích giữa rừng,https://vnexpress.net/tim-thay-be-trai-sau-5-ngay-mat-tich-giua-rung-4784013.html,1
'Một số môn nghệ thuật truyền thống có thể khép lại do không có người học',https://vnexpress.net/mot-so-mon-nghe-thuat-truyen-thong-co-the-khep-lai-do-khong-co-nguoi-hoc-4783886.html,1
"Đâm vào xe tải đỗ trên cao tốc, tài xế tử nạn",https://vnexpress.net/dam-vao-xe-tai-do-tren-cao-toc-tai-xe-tu-nan-4783985.html,1
Giám đốc Trung tâm xúc tiến đầu tư Bình Phước bị cảnh cáo,https://vnexpress.net/giam-doc-trung-tam-xuc-tien-dau-tu-binh-phuoc-bi-canh-cao-4783924.html,1
Quốc lộ 18 bị chia cắt vì sạt lở,https://vnexpress.net/quoc-lo-18-bi-chia-cat-vi-sat-lo-4783790.html,1
Hình dáng các cầu đi bộ nối ga Metro số 1,https://vnexpress.net/hinh-dang-cac-cau-di-bo-noi-ga-metro-so-1-4783695.html,1
Bãi nuôi hàu trái phép trên sông Rác,https://vnexpress.net/bai-nuoi-hau-trai-phep-tren-song-rac-4783733.html,1
Ba bộ trưởng trả lời chất vấn sáng nay,https://vnexpress.net/ba-bo-truong-tra-loi-chat-van-sang-nay-4783741.html,1
'Trả lương phù hợp với cống hiến để không cần tham nhũng',https://vnexpress.net/tra-luong-phu-hop-voi-cong-hien-de-khong-can-tham-nhung-4783748.html,1
"Hàng không tăng chuyến, giá vé tăng 20% dịp 2/9",https://vnexpress.net/hang-khong-tang-chuyen-gia-ve-tang-20-dip-2-9-4783723.html,1
Cứu du khách Hàn Quốc bị kẹt gầm xe khách,https://vnexpress.net/cuu-du-khach-han-quoc-bi-ket-gam-xe-khach-4783731.html,1
Thường vụ Quốc hội sẽ giám sát về phát triển nhân lực chất lượng cao,https://vnexpress.net/thuong-vu-quoc-hoi-se-giam-sat-ve-phat-trien-nhan-luc-chat-luong-cao-4783694.html,1
Thừa Thiên Huế xây dựng quảng trường gần 200 tỷ đồng,https://vnexpress.net/thua-thien-hue-xay-dung-quang-truong-gan-200-ty-dong-4783679.html,1
Khai trương trang thông tin về cố Tổng Bí thư Nguyễn Phú Trọng,https://vnexpress.net/khai-truong-trang-thong-tin-ve-co-tong-bi-thu-nguyen-phu-trong-4783683.html,1
Biệt thự xây trái phép ở Bình Thuận,https://vnexpress.net/biet-thu-xay-trai-phep-o-binh-thuan-4783657.html,1
Bộ đội không quân tranh tài cứu hộ cứu nạn,https://vnexpress.net/bo-doi-khong-quan-tranh-tai-cuu-ho-cuu-nan-4783568.html,1
Hạn chế ôtô qua đèo Bảo Lộc để xử lý sạt lở,https://vnexpress.net/deo-bao-loc-4783554.html,1
"GS Võ Tòng Xuân - 'tư lệnh' chống giặc rầy nâu, lai tạo giống lúa",https://vnexpress.net/gs-vo-tong-xuan-tu-lenh-chong-giac-ray-nau-lai-tao-giong-lua-4783369.html,1
Đà Nẵng xử phạt nhiều doanh nghiệp nợ bảo hiểm,https://vnexpress.net/da-nang-xu-phat-nhieu-doanh-nghiep-no-bao-hiem-4783343.html,1
"Hà Nội dự kiến xén vỉa hè, dải phân cách một số tuyến đường",https://vnexpress.net/ha-noi-du-kien-xen-via-he-dai-phan-cach-mot-so-tuyen-duong-4783344.html,1
Khuyến khích mở đường bay quốc tế đến điểm du lịch truyền thống Việt Nam,https://vnexpress.net/khuyen-khich-mo-duong-bay-quoc-te-den-diem-du-lich-truyen-thong-viet-nam-4783345.html,1
Lùi xe trên cao tốc có thể bị phạt 18 triệu đồng,https://vnexpress.net/lui-xe-tren-cao-toc-co-the-bi-phat-18-trieu-dong-4783124.html,1
Việt Nam đề nghị Trung Quốc tiếp tục mở cửa thị trường cho nông sản,https://vnexpress.net/viet-nam-de-nghi-trung-quoc-tiep-tuc-mo-cua-thi-truong-cho-nong-san-4783338.html,1
Đề xuất rút ngắn thời gian tuyển dụng công chức,https://vnexpress.net/de-xuat-rut-ngan-thoi-gian-tuyen-dung-cong-chuc-4783146.html,1
Lao động chưa hưởng lương hưu có thể không được nhận trợ cấp thất nghiệp,https://vnexpress.net/lao-dong-chua-huong-luong-huu-co-the-khong-duoc-nhan-tro-cap-that-nghiep-4783256.html,1
Hà Nội đề xuất tăng vốn metro Nam Thăng Long - Trần Hưng Đạo,https://vnexpress.net/ha-noi-de-xuat-tang-von-metro-nam-thang-long-tran-hung-dao-4783216.html,1
TP HCM kiến nghị cho Mercedes-Benz tiếp tục thuê khu đất 100.000 m2,https://vnexpress.net/tp-hcm-kien-nghi-cho-mercedes-benz-tiep-tuc-thue-khu-dat-100-000-m2-4783242.html,1
Hai đơn vị tại dự án hồ thủy lợi sụt lún bị phạt,https://vnexpress.net/ho-chua-nuoc-dong-thanh-lam-dong-4783237.html,1
Cựu chủ tịch huyện bị lừa 170 tỷ đồng thôi làm đại biểu HĐND,https://vnexpress.net/cuu-chu-tich-huyen-bi-lua-170-ty-dong-thoi-lam-dai-bieu-hdnd-4783221.html,1
Bờ biển sạt lở đe dọa hơn 600 dân,https://vnexpress.net/bo-bien-sat-lo-de-doa-hon-600-dan-4783034.html,1
"Tinh giản biên chế mới tập trung vào người nghỉ hưu, ốm đau",https://vnexpress.net/tinh-gian-bien-che-moi-tap-trung-vao-nguoi-nghi-huu-om-dau-4783058.html,1
Hai người bị lũ cuốn tử vong ở Hà Giang,https://vnexpress.net/hai-nguoi-bi-lu-cuon-tu-vong-o-ha-giang-4783060.html,1
Đồng Nai có tân chủ tịch tỉnh,https://vnexpress.net/dong-nai-co-tan-chu-tich-tinh-4783039.html,1
GS.TS Võ Tòng Xuân qua đời,https://vnexpress.net/gs-ts-vo-tong-xuan-qua-doi-4783030.html,1
Hình dáng cầu lớn nhất Vành đai 3 TP HCM sắp nối nhịp,https://vnexpress.net/hinh-dang-cau-lon-nhat-vanh-dai-3-tp-hcm-sap-noi-nhip-4782669.html,1
'Cây ATM 1.000 đồng' giúp người nghèo ở biên giới,https://vnexpress.net/cay-atm-1-000-dong-giup-nguoi-ngheo-o-bien-gioi-4782928.html,1
'Bình Định ứng dụng AI trong các lĩnh vực kinh tế - xã hội',https://vnexpress.net/binh-dinh-ung-dung-ai-trong-cac-linh-vuc-kinh-te-xa-hoi-4783102.html,1
Đền thờ anh hùng Trương Định được xếp hạng di tích quốc gia,https://vnexpress.net/den-tho-anh-hung-truong-dinh-duoc-xep-hang-di-tich-quoc-gia-4782904.html,1
Tài xế bị phạt 11 triệu đồng vì dừng xe đón khách trên cao tốc,https://vnexpress.net/tai-xe-bi-phat-11-trieu-dong-vi-dung-xe-don-khach-tren-cao-toc-4782901.html,1
"Hai ôtô tông nhau, cao tốc Trung Lương kẹt xe gần chục km",https://vnexpress.net/hai-oto-tong-nhau-cao-toc-trung-luong-ket-xe-gan-chuc-km-4782896.html,1
Tây Nguyên được đầu tư gần 1.900 km cao tốc,https://vnexpress.net/tay-nguyen-duoc-dau-tu-gan-1-900-km-cao-toc-4782867.html,1
Việt Nam hoan nghênh doanh nghiệp Quảng Đông tăng đầu tư hạ tầng,https://vnexpress.net/viet-nam-hoan-nghenh-doanh-nghiep-quang-dong-tang-dau-tu-ha-tang-4782863.html,1
"Ôtô lao xuống vực bốc cháy, một người chết",https://vnexpress.net/oto-lao-xuong-vuc-boc-chay-mot-nguoi-chet-4782854.html,1
Cảnh sát cưỡi ngựa xuyên vòng lửa ở trung tâm TP HCM,https://vnexpress.net/canh-sat-cuoi-ngua-xuyen-vong-lua-o-trung-tam-tp-hcm-4782835.html,1
"Tổng Bí thư, Chủ tịch nước Tô Lâm tưởng niệm liệt sĩ Phạm Hồng Thái",https://vnexpress.net/tong-bi-thu-chu-tich-nuoc-to-lam-tuong-niem-liet-si-pham-hong-thai-4782837.html,1
Hải Phòng sẽ đập bỏ 16 chung cư cũ làm khu tái định cư,https://vnexpress.net/hai-phong-se-dap-bo-16-chung-cu-cu-lam-khu-tai-dinh-cu-4782720.html,1
Miền Bắc mưa giông 4 ngày tới,https://vnexpress.net/mien-bac-mua-giong-4-ngay-toi-4782805.html,1
Xe khách lao xuống vực cầu khi từ Nha Trang đi Đà Lạt,https://vnexpress.net/tai-nan-giao-thong-lam-dong-4782790.html,1
"Tổng Bí thư, Chủ tịch nước Tô Lâm bắt đầu thăm Trung Quốc",https://vnexpress.net/tong-bi-thu-chu-tich-nuoc-to-lam-bat-dau-tham-trung-quoc-4782737.html,1
Hợp long cầu Nguyễn Hoàng bắc qua sông Hương,https://vnexpress.net/hop-long-cau-nguyen-hoang-bac-qua-song-huong-4782582.html,1
Đường xuyên rừng ngập mặn nối cảng lớn nhất Đồng Nai,https://vnexpress.net/duong-xuyen-rung-ngap-man-noi-cang-lon-nhat-dong-nai-4781972.html,1
Hai thanh niên trả lại 200 triệu đồng nhặt được,https://vnexpress.net/hai-thanh-nien-tra-lai-200-trieu-dong-nhat-duoc-4782709.html,1
Xuất hiện cung sạt trượt thứ hai ở Tà Xùa,https://vnexpress.net/xuat-hien-cung-sat-truot-thu-hai-o-ta-xua-4782702.html,1
Cháy lớn công ty gỗ ở Bình Dương,https://vnexpress.net/chay-lon-cong-ty-go-o-binh-duong-4782690.html,1
Hà Nội cần 55 tỷ USD làm 15 tuyến đường sắt đô thị,https://vnexpress.net/ha-noi-can-55-ty-usd-lam-15-tuyen-duong-sat-do-thi-4782630.html,1
"Tổng Bí thư, Chủ tịch nước Tô Lâm: Tạo điều kiện tốt nhất để TP HCM phát triển",https://vnexpress.net/tong-bi-thu-chu-tich-nuoc-to-lam-tao-dieu-kien-tot-nhat-de-tp-hcm-phat-trien-4782681.html,1
Cháy quán bar ở Hà Nội 'do thợ hàn cắt sắt',https://vnexpress.net/chay-quan-bar-o-ha-noi-do-tho-han-cat-sat-4782675.html,1
"Tiểu sử tân Ủy viên Bộ Chính trị, Ban Bí thư",https://vnexpress.net/tieu-su-tan-uy-vien-bo-chinh-tri-ban-bi-thu-4782648.html,1
"Ôtô khách lật trên quốc lộ, 18 người bị thương",https://vnexpress.net/oto-khach-lat-tren-quoc-lo-18-nguoi-bi-thuong-4782639.html,1
Ba bản ở Sơn La bị ngập hơn 20 ngày,https://vnexpress.net/ba-ban-o-son-la-bi-ngap-hon-20-ngay-4782593.html,1
300 lao động có thể tham gia trao đổi tài năng tại Singapore,https://vnexpress.net/300-lao-dong-co-the-tham-gia-trao-doi-tai-nang-tai-singapore-4782534.html,1
"Thủ tướng yêu cầu Hà Nội khắc phục ô nhiễm, ngập lụt, ùn tắc",https://vnexpress.net/thu-tuong-yeu-cau-ha-noi-khac-phuc-o-nhiem-ngap-lut-un-tac-4782568.html,1
Hai thiếu niên 16 tuổi tử vong sau tai nạn,https://vnexpress.net/hai-thieu-nien-16-tuoi-tu-vong-sau-tai-nan-4782514.html,1
Nơi khởi nguồn của Quân đội nhân dân Việt Nam,https://vnexpress.net/noi-khoi-nguon-cua-quan-doi-nhan-dan-viet-nam-4782217.html,1
Dịch sâu róm ở Nghệ An có thể chấm dứt trong tháng 8,https://vnexpress.net/dich-sau-rom-o-nghe-an-co-the-cham-dut-trong-thang-8-4782424.html,1
Mở rộng đường phía Đông TP HCM ngưng trệ vì vướng 250 m,https://vnexpress.net/mo-rong-duong-phia-dong-tp-hcm-ngung-tre-vi-vuong-250-m-4782249.html,1
Địa phương than khó phân loại rác tại nguồn,https://vnexpress.net/dia-phuong-than-kho-phan-loai-rac-tai-nguon-4782101.html,1
Quán bar ở Hà Nội đổ sập sau hỏa hoạn,https://vnexpress.net/quan-bar-o-ha-noi-do-sap-sau-hoa-hoan-4782433.html,1
Kỵ binh tập luyện diễu hành ở phố đi bộ Nguyễn Huệ,https://vnexpress.net/ky-binh-tap-luyen-dieu-hanh-o-pho-di-bo-nguyen-hue-4782425.html,1
"Cháy quán bar ở Hà Nội, hai lính cứu hỏa bị thương",https://vnexpress.net/chay-quan-bar-o-ha-noi-hai-linh-cuu-hoa-bi-thuong-4782404-tong-thuat.html,1
"Ôtô biến dạng, lao xuống ruộng sau tai nạn với xe đầu kéo",https://vnexpress.net/tai-nan-ba-ria-vung-tau-4782380.html,1
TP HCM lập tổ ứng cứu sự cố trên cầu Phú Mỹ,https://vnexpress.net/tp-hcm-lap-to-ung-cuu-su-co-tren-cau-phu-my-4782365.html,1
Trung ương bầu bổ sung 3 Ủy viên Ban Bí thư,https://vnexpress.net/trung-uong-bau-bo-sung-3-uy-vien-ban-bi-thu-4782255.html,1
Bộ trưởng Lương Tam Quang được bầu làm Ủy viên Bộ Chính trị,https://vnexpress.net/bo-truong-luong-tam-quang-duoc-bau-lam-uy-vien-bo-chinh-tri-4781953.html,1
"Lập 3 đoàn kiểm tra việc chấp hành quy định về tín ngưỡng, tôn giáo",https://vnexpress.net/lap-3-doan-kiem-tra-viec-chap-hanh-quy-dinh-ve-tin-nguong-ton-giao-4782310.html,1
"Cháy đại lý chăn ga, nữ sinh thiệt mạng",https://vnexpress.net/chay-dai-ly-chan-ga-nu-sinh-thiet-mang-4782166.html,1
Thủy điện Thác Bà mở hai cửa xả,https://vnexpress.net/thuy-dien-thac-ba-mo-hai-cua-xa-4782119.html,1
Kinh phí đền bù ở dự án kênh Đôi tăng lên 6.000 tỷ đồng,https://vnexpress.net/kinh-phi-den-bu-o-du-an-kenh-doi-tang-len-6-000-ty-dong-4782131.html,1
Đàn bò sữa mắc bệnh do tiêm vaccine nhiễm virus tiêu chảy,https://vnexpress.net/dan-bo-sua-mac-benh-do-tiem-vaccine-nhiem-virus-tieu-chay-4782068.html,1
Công trình chống ngập trên cao tốc Dầu Giây - Phan Thiết,https://vnexpress.net/cong-trinh-chong-ngap-tren-cao-toc-dau-giay-phan-thiet-4781974.html,1
Nghiên cứu tổ chức lại giao thông trên cao tốc Cam Lộ - La Sơn,https://vnexpress.net/nghien-cuu-to-chuc-lai-giao-thong-tren-cao-toc-cam-lo-la-son-4781642.html,1
Hơn 200 ha dừa ở Tiền Giang bị sâu đầu đen phá hoại,https://vnexpress.net/hon-200-ha-dua-o-tien-giang-bi-sau-dau-den-pha-hoai-4781890.html,1
Long An nợ hơn 10.000 giấy phép lái xe vì thiếu phụ kiện,https://vnexpress.net/long-an-no-hon-10-000-giay-phep-lai-xe-vi-thieu-phu-kien-4781970.html,1
Cô gái bị ôtô đẩy một km sau va chạm giao thông,https://vnexpress.net/co-gai-bi-oto-day-mot-km-sau-va-cham-giao-thong-4781942.html,1
Miền Bắc giảm mưa,https://vnexpress.net/mien-bac-giam-mua-4781854.html,1
Ôtô tông loạt xe máy trên cầu ở Cần Thơ,https://vnexpress.net/oto-tong-loat-xe-may-tren-cau-o-can-tho-4781896.html,1
Dự kiến kiện toàn các chức danh lãnh đạo cấp cao vào tháng 10,https://vnexpress.net/du-kien-kien-toan-cac-chuc-danh-lanh-dao-cap-cao-vao-thang-10-4781853.html,1
Sâu róm tàn phá hơn 750 ha rừng,https://vnexpress.net/sau-rom-tan-pha-hon-750-ha-rung-4781863.html,1
Nhiều loài thú quý hiếm được phát hiện ở rừng Bình Thuận,https://vnexpress.net/nhieu-loai-thu-quy-hiem-duoc-phat-hien-o-rung-binh-thuan-4781781.html,1
Hơn 390.000 lượt khách đi metro Nhổn - ga Hà Nội trong tuần đầu,https://vnexpress.net/hon-390-000-luot-khach-di-metro-nhon-ga-ha-noi-trong-tuan-dau-4781746.html,1
Hơn trăm ngôi mộ xây trái phép ven TP HCM,https://vnexpress.net/hon-tram-ngoi-mo-xay-trai-phep-ven-tp-hcm-4781750.html,1
Trực thăng diễn tập cứu hộ cứu nạn,https://vnexpress.net/truc-thang-dien-tap-cuu-ho-cuu-nan-4781546.html,1
Xe tải lao xuống vực sâu 30 m,https://vnexpress.net/xe-tai-lao-xuong-vuc-sau-30-m-4781614.html,1
Hiện trạng hai nút giao được Đồng Nai đề xuất đầu tư 13.000 tỷ đồng,https://vnexpress.net/hien-trang-hai-nut-giao-duoc-dong-nai-de-xuat-dau-tu-13-000-ty-dong-4781163.html,1
Hà Nội có hơn 8.000 cổ thụ,https://vnexpress.net/ha-noi-co-hon-8-000-co-thu-4781550.html,1
Cô giáo cưu mang nhiều học trò mồ côi,https://vnexpress.net/co-giao-cuu-mang-nhieu-hoc-tro-mo-coi-4781505.html,1
Đơn vị tài trợ quy hoạch ở Bạc Liêu đều trúng đấu giá dự án,https://vnexpress.net/don-vi-tai-tro-quy-hoach-o-bac-lieu-deu-trung-dau-gia-du-an-4781472.html,1
Khen thưởng 5 người cứu nạn nhân vụ tai nạn ở cầu Phú Mỹ,https://vnexpress.net/khen-thuong-5-nguoi-cuu-nan-nhan-vu-tai-nan-o-cau-phu-my-4781508.html,1
'Không vì đẩy mạnh chống tham nhũng mà cản trở phát triển kinh tế',https://vnexpress.net/khong-vi-day-manh-chong-tham-nhung-ma-can-tro-phat-trien-kinh-te-4781440.html,1
Cầu lớn nhất Vành đai 3 TP HCM vượt tiến độ bốn tháng,https://vnexpress.net/cau-lon-nhat-vanh-dai-3-tp-hcm-vuot-tien-do-bon-thang-4781384.html,1
Ôtô khách lộn nhiều vòng trên đèo,https://vnexpress.net/oto-khach-lon-nhieu-vong-tren-deo-4781303.html,1
'Cần phương án cứu nạn cho tầng cao chung cư',https://vnexpress.net/can-phuong-an-cuu-nan-cho-tang-cao-chung-cu-4781279.html,1
Đường nối Bình Dương - TP HCM chưa thông vì vướng 50 m,https://vnexpress.net/duong-noi-binh-duong-tp-hcm-chua-thong-vi-vuong-50-m-4781326.html,1
"Bộ Quốc phòng, Công an dự kiến chi viện cho các trung tâm đăng kiểm",https://vnexpress.net/bo-quoc-phong-cong-an-du-kien-chi-vien-cho-cac-trung-tam-dang-kiem-4781245.html,1
Quảng Nam có tân Chủ tịch HĐND tỉnh,https://vnexpress.net/quang-nam-co-tan-chu-tich-hdnd-tinh-4781198.html,1
Cây gãy nhánh rơi xuống đường ở Hồ Con Rùa,https://vnexpress.net/cay-gay-nhanh-roi-xuong-duong-o-ho-con-rua-4781187.html,1
Tổ hùn vàng giúp nhau xây nhà ở Cà Mau,https://vnexpress.net/to-hun-vang-giup-nhau-xay-nha-o-ca-mau-4780639.html,1
Dỡ bỏ vòng xoay ở đường huyết mạch do ôtô thường bị lật,https://vnexpress.net/do-bo-vong-xoay-o-duong-huyet-mach-do-oto-thuong-bi-lat-4781147.html,1
"Phà ngưng chạy, người dân thấp thỏm vượt sông bằng xuồng nhỏ",https://vnexpress.net/pha-ngung-chay-nguoi-dan-thap-thom-vuot-song-bang-xuong-nho-4781064.html,1
Trồng ớt A Riêu đặc sản,https://vnexpress.net/trong-ot-a-rieu-dac-san-4781012.html,1
Báo Lao Động kỷ niệm 95 năm ngày xuất bản số đầu tiên,https://vnexpress.net/bao-lao-dong-ky-niem-95-nam-ngay-xuat-ban-so-dau-tien-4781406.html,1
Phố cổ Hà Nội ngập sau trận mưa lớn,https://vnexpress.net/pho-co-ha-noi-ngap-sau-tran-mua-lon-4781156.html,1
142.000 hộ dân mất điện vì sự cố khi khoan giếng,https://vnexpress.net/142-000-ho-dan-mat-dien-vi-su-co-khi-khoan-gieng-4781158.html,1
"Tổng Bí thư, Chủ tịch nước Tô Lâm: Đại hội 14 có ý nghĩa định hướng tương lai",https://vnexpress.net/tong-bi-thu-chu-tich-nuoc-to-lam-dai-hoi-14-co-y-nghia-dinh-huong-tuong-lai-4781122.html,1
Ông Đặng Quốc Khánh và Chẩu Văn Lâm thôi làm đại biểu Quốc hội,https://vnexpress.net/ong-dang-quoc-khanh-va-chau-van-lam-thoi-lam-dai-bieu-quoc-hoi-4780950.html,1
Phó thủ tướng Lê Minh Khái và nhiều cán bộ bị kỷ luật,https://vnexpress.net/pho-thu-tuong-le-minh-khai-va-nhieu-can-bo-bi-ky-luat-4781112.html,1
Hai ôtô lao xuống ao sau va chạm,https://vnexpress.net/hai-oto-lao-xuong-ao-sau-va-cham-4781111.html,1
Đôi nam nữ gặp nạn khi đi xem sao băng,https://vnexpress.net/doi-nam-nu-gap-nan-khi-di-xem-sao-bang-4781068.html,1
Ông Vương Tấn Việt không có tên trong danh sách dự thi cấp 3,https://vnexpress.net/ong-vuong-tan-viet-khong-co-ten-trong-danh-sach-du-thi-cap-3-4780913.html,1
Cháy khu nhà người nước ngoài thuê ở Thảo Điền,https://vnexpress.net/chay-khu-nha-nguoi-nuoc-ngoai-thue-o-thao-dien-4780948.html,1
Cầu Hiền Lương 70 năm sau hiệp định Geneve,https://vnexpress.net/cau-hien-luong-70-nam-sau-hiep-dinh-geneve-4772937.html,1
"Sạt lở quốc lộ qua Cao Bằng, Sơn La",https://vnexpress.net/sat-lo-quoc-lo-qua-cao-bang-son-la-4780848.html,1
Bà Trịnh Thị Minh Thanh điều hành Tỉnh ủy Quảng Ninh,https://vnexpress.net/ba-trinh-thi-minh-thanh-dieu-hanh-tinh-uy-quang-ninh-4780774.html,1
Tài xế bất an qua dốc 'tử thần' cầu Phú Mỹ,https://vnexpress.net/tai-xe-bat-an-qua-doc-tu-than-cau-phu-my-4780728.html,1
"Nơi chăm sóc, cứu hộ động vật lớn nhất miền Trung",https://vnexpress.net/noi-cham-soc-cuu-ho-dong-vat-lon-nhat-mien-trung-4780049.html,1
Quỹ Bảo hiểm thất nghiệp thu - chi thế nào?,https://vnexpress.net/quy-bao-hiem-that-nghiep-thu-chi-the-nao-4780696.html,1
Sửa mặt đường đèo Prenn cửa ngõ Đà Lạt trong 21 ngày,https://vnexpress.net/deo-prenn-da-lat-4780637.html,1
Thủ tướng: Cần sớm làm chủ công nghệ gìn giữ thi hài Chủ tịch Hồ Chí Minh,https://vnexpress.net/thu-tuong-can-som-lam-chu-cong-nghe-gin-giu-thi-hai-chu-tich-ho-chi-minh-4780549.html,1
Kiến nghị siết quy định về giá bán buôn thuốc,https://vnexpress.net/kien-nghi-siet-quy-dinh-ve-gia-ban-buon-thuoc-4780526.html,1
Ông Triệu Thế Hùng thôi làm Chủ tịch UBND tỉnh Hải Dương,https://vnexpress.net/ong-trieu-the-hung-thoi-lam-chu-tich-ubnd-tinh-hai-duong-4780551.html,1
"Hơn 200.000 cây ở TP HCM được kiểm tra, tránh gãy đổ ra sao?",https://vnexpress.net/hon-200-000-cay-o-tp-hcm-duoc-kiem-tra-tranh-gay-do-ra-sao-4780326.html,1
Nhiều thủy điện lớn đóng cửa xả,https://vnexpress.net/nhieu-thuy-dien-lon-dong-cua-xa-4780438.html,1
Đề xuất di dời ga Đà Nẵng,https://vnexpress.net/de-xuat-di-doi-ga-da-nang-4780405.html,1
"Tai nạn liên hoàn, cao tốc Hà Nội - Lào Cai ùn tắc",https://vnexpress.net/tai-nan-lien-hoan-cao-toc-ha-noi-lao-cai-un-tac-4780407.html,1
Hà Nội dự kiến có thêm 4 quận mới vào năm 2025,https://vnexpress.net/ha-noi-du-kien-co-them-4-quan-moi-vao-nam-2025-4780313.html,1
Đồng loạt chỉnh trang vỉa hè trung tâm TP HCM,https://vnexpress.net/dong-loat-chinh-trang-via-he-trung-tam-tp-hcm-4780226.html,1
Đề xuất dùng flycam kiểm tra cây xanh ở TP HCM,https://vnexpress.net/de-xuat-dung-flycam-kiem-tra-cay-xanh-o-tp-hcm-4780307.html,1
Đài VTC kỷ niệm 20 năm thành lập,https://vnexpress.net/dai-vtc-ky-niem-20-nam-thanh-lap-4780701.html,1
Phó thủ tướng: 'Huy động mọi nguồn lực chống sạt lở cho ĐBSCL',https://vnexpress.net/pho-thu-tuong-huy-dong-moi-nguon-luc-chong-sat-lo-cho-dbscl-4780272.html,1
"Đập vỡ kính ôtô, bắt tài xế quỳ sau va chạm giao thông",https://vnexpress.net/dap-vo-kinh-oto-bat-tai-xe-quy-sau-va-cham-giao-thong-4780281.html,1
Cầu Thủ Thiêm 4 sẽ có tĩnh không cố định 15 m,https://vnexpress.net/cau-thu-thiem-4-se-co-tinh-khong-co-dinh-15-m-4780267.html,1
Bò sữa chết sau tiêm vaccine ở Lâm Đồng tăng lên hơn 200 con,https://vnexpress.net/bo-sua-lam-dong-4780237.html,1
Miền Bắc mưa lớn cả tuần,https://vnexpress.net/mien-bac-mua-lon-ca-tuan-4780217.html,1
Thứ trưởng Nguyễn Thị Phương Hoa điều hành Bộ Tài nguyên và Môi trường,https://vnexpress.net/thu-truong-nguyen-thi-phuong-hoa-dieu-hanh-bo-tai-nguyen-va-moi-truong-4780206.html,1
Thai phụ và 2 cháu bé gặp nạn dưới hồ thủy điện,https://vnexpress.net/thai-phu-va-2-chau-be-gap-nan-duoi-ho-thuy-dien-4780202.html,1
Đại lộ 3.000 tỷ đồng ở Nghệ An trước ngày thông xe,https://vnexpress.net/dai-lo-3-000-ty-dong-o-nghe-an-truoc-ngay-thong-xe-4780050.html,1
TP HCM thông xe hầm chui 'giải cứu' kẹt xe cửa ngõ Tân Sơn Nhất,https://vnexpress.net/tp-hcm-thong-xe-ham-chui-giai-cuu-ket-xe-cua-ngo-tan-son-nhat-4780041.html,1
5 ôtô tông liên hoàn ở TP Vinh,https://vnexpress.net/5-oto-tong-lien-hoan-o-tp-vinh-4780038.html,1
Người đầu tiên cứu tài xế khỏi ôtô bốc cháy trên cầu Phú Mỹ,https://vnexpress.net/nguoi-dau-tien-cuu-tai-xe-khoi-oto-boc-chay-tren-cau-phu-my-4780014.html,1
Tăng trưởng vùng Đông Nam Bộ thấp hơn bình quân cả nước,https://vnexpress.net/tang-truong-vung-dong-nam-bo-thap-hon-binh-quan-ca-nuoc-4779995.html,1
Hiện trường sạt lở hai homestay ở Tà Xùa,https://vnexpress.net/hien-truong-sat-lo-hai-homestay-o-ta-xua-4779979.html,1
"Ôtô bán tải đâm hai xe máy, một người chết",https://vnexpress.net/oto-ban-tai-dam-hai-xe-may-mot-nguoi-chet-4779966.html,1
Điều tra tiền lương tại 3.400 doanh nghiệp,https://vnexpress.net/dieu-tra-tien-luong-tai-3-400-doanh-nghiep-4779917.html,1
Cháy chợ ở An Giang,https://vnexpress.net/chay-cho-o-an-giang-4779925.html,1
'Thủ tướng giao việc nhưng bộ chờ chủ trương thì hết nhiệm kỳ',https://vnexpress.net/thu-tuong-giao-viec-nhung-bo-cho-chu-truong-thi-het-nhiem-ky-4779921.html,1
"Sạt lở đất vùi lấp homestay ở Tà Xùa, một người chết",https://vnexpress.net/sat-lo-dat-vui-lap-homestay-o-ta-xua-mot-nguoi-chet-4779936.html,1
Cứu 5 người bị sóng biển cuốn,https://vnexpress.net/cuu-5-nguoi-bi-song-bien-cuon-4779939.html,1
"Sổ đỏ mới có hai trang, mã QR và hướng thửa đất",https://vnexpress.net/so-do-moi-co-hai-trang-ma-qr-va-huong-thua-dat-4779896.html,1
Thuê thợ lặn nhặt rác dưới rạn san hô Côn Đảo,https://vnexpress.net/san-ho-con-dao-4779707.html,1
Cựu binh gần 8 năm tình nguyện nhặt rác ở Hội An,https://vnexpress.net/cuu-binh-gan-8-nam-tinh-nguyen-nhat-rac-o-hoi-an-4779217.html,1
Hà Nội nắng nóng hơn 39 độ C,https://vnexpress.net/ha-noi-nang-nong-hon-39-do-c-4780082.html,1
'Hà Nội cần phát triển theo mô hình đô thị trung tâm và thành phố trong Thủ đô',https://vnexpress.net/ha-noi-can-phat-trien-theo-mo-hinh-do-thi-trung-tam-va-thanh-pho-trong-thu-do-4779792.html,1
Ông Nguyễn Xuân Ký thôi làm Chủ tịch HĐND tỉnh Quảng Ninh,https://vnexpress.net/ong-nguyen-xuan-ky-thoi-lam-chu-tich-hdnd-tinh-quang-ninh-4779803.html,1
Thủ tướng phân công thêm nhiệm vụ cho các Phó thủ tướng,https://vnexpress.net/thu-tuong-phan-cong-them-nhiem-vu-cho-cac-pho-thu-tuong-4779770.html,1
Trả lương hưu qua tài khoản cá nhân từ ngày 1/9,https://vnexpress.net/tra-luong-huu-qua-tai-khoan-ca-nhan-tu-ngay-1-9-4779603.html,1
Miền Bắc mưa lớn từ đêm 10/8,https://vnexpress.net/mien-bac-mua-lon-tu-dem-10-8-4779762.html,1
Đề xuất nối ray hai tuyến đường sắt Việt - Trung,https://vnexpress.net/de-xuat-noi-ray-hai-tuyen-duong-sat-viet-trung-4779670.html,1
Cháy lớn xưởng gỗ ở Đồng Nai,https://vnexpress.net/chay-lon-xuong-go-o-dong-nai-4779713.html,1
"Nhân chứng vụ sập xưởng bao bì: 'Chậm vài bước, tôi đã bị vùi lấp'",https://vnexpress.net/nhan-chung-vu-sap-xuong-bao-bi-cham-vai-buoc-toi-da-bi-vui-lap-4779629.html,1
Buổi tập dưỡng sinh định mệnh ở công viên Tao Đàn,https://vnexpress.net/buoi-tap-duong-sinh-dinh-menh-o-cong-vien-tao-dan-4779622.html,1
"Tổng Bí thư, Chủ tịch nước Tô Lâm: Cần tạo động lực phát triển kinh tế xã hội",https://vnexpress.net/tong-bi-thu-chu-tich-nuoc-to-lam-can-tao-dong-luc-phat-trien-kinh-te-xa-hoi-4779652.html,1
Bộ Chính trị khiển trách Ban thường vụ Tỉnh ủy An Giang hai nhiệm kỳ,https://vnexpress.net/bo-chinh-tri-khien-trach-ban-thuong-vu-tinh-uy-an-giang-hai-nhiem-ky-4779662.html,1
Hitachi bàn giao thiết bị để đào tạo nhân sự Metro số 1,https://vnexpress.net/hitachi-ban-giao-thiet-bi-de-dao-tao-nhan-su-metro-so-1-4779609.html,1
Hiện trường nhà xưởng sập khiến hai người tử vong,https://vnexpress.net/hien-truong-nha-xuong-sap-khien-hai-nguoi-tu-vong-4779607.html,1
Gần 100 cảnh sát cứu đám cháy kho linh kiện điện tử,https://vnexpress.net/gan-100-canh-sat-cuu-dam-chay-kho-linh-kien-dien-tu-4779604.html,1
Ra mắt thư viện thực tế ảo về phòng tránh tai nạn bom mìn,https://vnexpress.net/ra-mat-thu-vien-thuc-te-ao-ve-phong-tranh-tai-nan-bom-min-4779551.html,1
Tàu cá chở 11 ngư dân bị chìm,https://vnexpress.net/tau-ca-cho-11-ngu-dan-bi-chim-4779474.html,1
"Sập xưởng bao bì ở Ninh Bình, hai người tử vong",https://vnexpress.net/sap-xuong-bao-bi-o-ninh-binh-hai-nguoi-tu-vong-4779513.html,1
Nhánh cây rơi đè chết 2 người ở công viên Tao Đàn,https://vnexpress.net/nhanh-cay-roi-de-chet-2-nguoi-o-cong-vien-tao-dan-4779452.html,1
Hầm chui 'giải cứu' ùn tắc Tân Sơn Nhất trước ngày thông xe,https://vnexpress.net/ham-chui-giai-cuu-un-tac-tan-son-nhat-truoc-ngay-thong-xe-4779381.html,1
Đời giữ rừng Cần Giờ,https://vnexpress.net/doi-giu-rung-can-gio-4777103.html,1
Tài xế ôtô tải: 'Xe hỏng phanh khi đổ dốc cầu Phú Mỹ nên tôi bất lực',https://vnexpress.net/tai-xe-oto-tai-xe-hong-phanh-khi-do-doc-cau-phu-my-nen-toi-bat-luc-4779390.html,1
Người về hưu từ 1/7/2025 hưởng lương ra sao?,https://vnexpress.net/nguoi-ve-huu-tu-1-7-2025-huong-luong-ra-sao-4779278.html,1
Xuất khẩu lao động đem về cho Đồng Tháp 1.000 tỷ đồng mỗi năm,https://vnexpress.net/xuat-khau-lao-dong-dem-ve-cho-dong-thap-1-000-ty-dong-moi-nam-4779560.html,1
Kiến nghị không thu hồi chứng chỉ nghề với đăng kiểm viên bị án treo,https://vnexpress.net/kien-nghi-khong-thu-hoi-chung-chi-nghe-voi-dang-kiem-vien-bi-an-treo-4779342.html,1
Đề xuất sinh viên được làm thêm 24 tiếng mỗi tuần,https://vnexpress.net/de-xuat-sinh-vien-duoc-lam-them-24-tieng-moi-tuan-4779142.html,1
Cấm ôtô qua cầu Rạch Miễu trong 3 ngày để thử tải,https://vnexpress.net/cam-oto-qua-cau-rach-mieu-trong-3-ngay-de-thu-tai-4779324.html,1
Thủ tướng yêu cầu tăng tốc để hoàn thành 1.200 km cao tốc năm 2025,https://vnexpress.net/thu-tuong-yeu-cau-tang-toc-de-hoan-thanh-1-200-km-cao-toc-nam-2025-4779214.html,1
Hiện trường 8 ôtô đâm liên hoàn trên cầu Phú Mỹ,https://vnexpress.net/hien-truong-8-oto-dam-lien-hoan-tren-cau-phu-my-4779272.html,1
"Đề nghị xem xét, kỷ luật ông Lê Minh Khái và nhiều cán bộ",https://vnexpress.net/de-nghi-xem-xet-ky-luat-ong-le-minh-khai-va-nhieu-can-bo-4779241.html,1
"8 xe đâm liên hoàn, ôtô bốc cháy trên cầu Phú Mỹ",https://vnexpress.net/8-xe-dam-lien-hoan-oto-boc-chay-tren-cau-phu-my-4779246.html,1
Long Thành dự kiến đón chuyến bay thương mại từ 2/9/2026,https://vnexpress.net/long-thanh-du-kien-don-chuyen-bay-thuong-mai-tu-2-9-2026-4779173.html,1
Đá lăn đè chết tài xế,https://vnexpress.net/da-lan-de-chet-tai-xe-4779177.html,1
Thiếu tướng Vũ Hồng Văn giữ chức Phó chủ nhiệm Ủy ban Kiểm tra Trung ương,https://vnexpress.net/thieu-tuong-vu-hong-van-giu-chuc-pho-chu-nhiem-uy-ban-kiem-tra-trung-uong-4779168.html,1
Sạt lở đèo nối Bình Thuận - Lâm Đồng,https://vnexpress.net/sat-lo-deo-noi-binh-thuan-lam-dong-4779156.html,1
Hải Phòng dự kiến lắp camera 33 điểm phạt nguội,https://vnexpress.net/hai-phong-du-kien-lap-camera-33-diem-phat-nguoi-4779042.html,1
Cục CSGT: Sẽ tiếp tục nghiên cứu đề xuất giảm tiền phạt nồng độ cồn,https://vnexpress.net/cuc-csgt-se-tiep-tuc-nghien-cuu-de-xuat-giam-tien-phat-nong-do-con-4779124.html,1
Xưởng gỗ 13.000 m2 ở Đồng Nai tan hoang sau vụ cháy,https://vnexpress.net/xuong-go-13-000-m2-o-dong-nai-tan-hoang-sau-vu-chay-4778991.html,1
Tàu điện Nhổn - ga Hà Nội bắt đầu chạy thương mại,https://vnexpress.net/tau-dien-nhon-ga-ha-noi-bat-dau-chay-thuong-mai-4778925.html,1
Hiện trạng biển Bãi Sau TP Vũng Tàu trước khi chỉnh trang,https://vnexpress.net/hien-trang-bien-bai-sau-tp-vung-tau-truoc-khi-chinh-trang-4778347.html,1
Lăng vua Tự Đức được trùng tu,https://vnexpress.net/lang-vua-tu-duc-duoc-trung-tu-4778840.html,1
Đường hỏng không thể sửa do nhà thầu vỡ nợ,https://vnexpress.net/duong-hong-khong-the-sua-do-nha-thau-vo-no-4778729.html,1
Cầu vượt biển dài nhất Trung Trung Bộ sau 30 tháng thi công,https://vnexpress.net/cau-vuot-bien-dai-nhat-trung-trung-bo-sau-30-thang-thi-cong-4778646.html,1
Ôtô tải lao xuống ruộng sau tai nạn,https://vnexpress.net/oto-tai-lao-xuong-ruong-sau-tai-nan-4779303.html,1
Cháy lớn công ty sản xuất đồ gỗ hơn 13.000 m2 ở Đồng Nai,https://vnexpress.net/chay-lon-cong-ty-san-xuat-do-go-hon-13-000-m2-o-dong-nai-4778931.html,1
Hoàn thành tu bổ di tích Trường dạy làm báo Huỳnh Thúc Kháng,https://vnexpress.net/hoan-thanh-tu-bo-di-tich-truong-day-lam-bao-huynh-thuc-khang-4778714.html,1
Vé metro Nhổn - ga Hà Nội 12.000 đồng một lượt,https://vnexpress.net/ve-metro-nhon-ga-ha-noi-12-000-dong-mot-luot-4778764.html,1
Bạc Liêu công bố sạt lở đê biển khẩn cấp,https://vnexpress.net/bac-lieu-cong-bo-sat-lo-de-bien-khan-cap-4778883.html,1
Tàu SE2 trật bánh khỏi đường ray khi qua Thừa Thiên Huế,https://vnexpress.net/tau-se2-trat-banh-khoi-duong-ray-khi-qua-thua-thien-hue-4778898.html,1
"5 ôtô va chạm, vành đai 3 trên cao tê liệt",https://vnexpress.net/5-oto-va-cham-vanh-dai-3-tren-cao-te-liet-4778893.html,1
Lái phà bị tàu hàng tông: 'Kéo hết ga để lùi nhưng không kịp tránh',https://vnexpress.net/lai-pha-bi-tau-hang-tong-keo-het-ga-de-lui-nhung-khong-kip-tranh-4778857.html,1
5.400 m3 đất tràn xuống quốc lộ qua Lào Cai,https://vnexpress.net/5-400-m3-dat-tran-xuong-quoc-lo-qua-lao-cai-4778829.html,1
"68 bò sữa chết bất thường, nghi do tiêm vaccine",https://vnexpress.net/bo-chet-o-lam-dong-4778827.html,1
Metro Nhổn - ga Hà Nội trước ngày vận hành thương mại đoạn trên cao,https://vnexpress.net/metro-nhon-ga-ha-noi-truoc-ngay-van-hanh-thuong-mai-doan-tren-cao-4778768.html,1
Phà bị tàu hàng đâm không được phép chở ôtô,https://vnexpress.net/pha-bi-tau-hang-dam-khong-duoc-phep-cho-oto-4778750.html,1
Ôtô khách suýt lao xuống sông Lam,https://vnexpress.net/oto-khach-suyt-lao-xuong-song-lam-4778638.html,1
"Ôtô tải gây tai nạn liên hoàn, ba người chết",https://vnexpress.net/ba-oto-tong-lien-hoan-hai-nguoi-chet-4778557.html,1
Lý do kế hoạch cải tạo nhà trọ ở TP HCM nhiều lần 'phá sản',https://vnexpress.net/ly-do-ke-hoach-cai-tao-nha-tro-o-tp-hcm-nhieu-lan-pha-san-4778114.html,1
Đề xuất mở rộng diện đóng bảo hiểm thất nghiệp,https://vnexpress.net/de-xuat-mo-rong-dien-dong-bao-hiem-that-nghiep-4778454.html,1
"Tổng Bí thư, Chủ tịch nước Tô Lâm yêu cầu sớm kiện toàn chức danh lãnh đạo",https://vnexpress.net/tong-bi-thu-chu-tich-nuoc-to-lam-yeu-cau-som-kien-toan-chuc-danh-lanh-dao-4778518.html,1
"Nhà dân, xưởng gỗ thiệt hại sau xả lũ thủy điện Thác Bà",https://vnexpress.net/nha-dan-xuong-go-thiet-hai-sau-xa-lu-thuy-dien-thac-ba-4778464.html,1
"Thường vụ Quốc hội chuẩn bị chất vấn nhiều bộ trưởng, trưởng ngành",https://vnexpress.net/thuong-vu-quoc-hoi-chuan-bi-chat-van-nhieu-bo-truong-truong-nganh-4778508.html,1
Vận hành thương mại đoạn trên cao metro Nhổn - ga Hà Nội từ ngày 8/8,https://vnexpress.net/van-hanh-thuong-mai-doan-tren-cao-metro-nhon-ga-ha-noi-tu-ngay-8-8-4778499.html,1
Đà Nẵng rà soát vị trí xây dựng khu thương mại tự do,https://vnexpress.net/da-nang-ra-soat-vi-tri-xay-dung-khu-thuong-mai-tu-do-4778500.html,1
Kỳ nghỉ dịp Quốc khánh kéo dài 4 ngày,https://vnexpress.net/ky-nghi-dip-quoc-khanh-keo-dai-4-ngay-4778469.html,1
Đề xuất giảm phạt tiền với người đi xe đạp vi phạm nồng độ cồn,https://vnexpress.net/de-xuat-giam-phat-tien-voi-nguoi-di-xe-dap-vi-pham-nong-do-con-4778478.html,1
38 lô đất trên đại lộ ven biển bị lấn chiếm,https://vnexpress.net/38-lo-dat-tren-dai-lo-ven-bien-bi-lan-chiem-4778421.html,1
Tàu hàng đâm phà chở khách trên sông Vàm Nao,https://vnexpress.net/tau-hang-dam-pha-cho-khach-tren-song-vam-nao-4778468.html,1
Đà Nẵng tháo gỡ vướng mắc về đất đai,https://vnexpress.net/da-nang-thao-go-vuong-mac-ve-dat-dai-4778394.html,1
Việt Nam mong muốn tăng cường hợp tác công nghiệp quốc phòng với Nhật Bản,https://vnexpress.net/viet-nam-mong-muon-tang-cuong-hop-tac-cong-nghiep-quoc-phong-voi-nhat-ban-4778330.html,1
Sơn La có tân Bí thư Tỉnh ủy,https://vnexpress.net/son-la-co-tan-bi-thu-tinh-uy-4778399.html,1
1.700 tỷ đồng hoàn thiện nút giao lớn nhất Vành đai 3 TP HCM,https://vnexpress.net/1-700-ty-dong-hoan-thien-nut-giao-lon-nhat-vanh-dai-3-tp-hcm-4778346.html,1
Giải bài toán ngập lụt ở ngoại thành Hà Nội,https://vnexpress.net/giai-bai-toan-ngap-lut-o-ngoai-thanh-ha-noi-4778105.html,1
"TP HCM mở rộng thi tuyển lãnh đạo sở, ngành",https://vnexpress.net/tp-hcm-mo-rong-thi-tuyen-lanh-dao-so-nganh-4778326.html,1
Đề xuất hai nội dung kiểm tra để phục hồi điểm bằng lái xe,https://vnexpress.net/de-xuat-hai-noi-dung-kiem-tra-de-phuc-hoi-diem-bang-lai-xe-4778298.html,1
Chuyên gia Nhật Bản: Chùa Cầu đã phục hồi trạng thái vững chắc,https://vnexpress.net/chuyen-gia-nhat-ban-chua-cau-da-phuc-hoi-trang-thai-vung-chac-4778262.html,1
Thủy điện Hòa Bình mở cửa xả thứ 4,https://vnexpress.net/thuy-dien-hoa-binh-mo-cua-xa-thu-4-4778211.html,1
Ôtô khách biến dạng sau khi tông xe tải,https://vnexpress.net/oto-khach-bien-dang-sau-khi-tong-xe-tai-4778236.html,1
10 phút vật lộn giữa sông cứu người của chiến sĩ biên phòng,https://vnexpress.net/10-phut-vat-lon-giua-song-cuu-nguoi-cua-chien-si-bien-phong-4778048.html,1
Loạt chính sách giúp TP HCM giải tỏa hàng chục nghìn nhà ven kênh,https://vnexpress.net/loat-chinh-sach-giup-tp-hcm-giai-toa-hang-chuc-nghin-nha-ven-kenh-4777687.html,1
"Băng sang đường, người phụ nữ bị xe tải tông tử vong",https://vnexpress.net/bang-sang-duong-nguoi-phu-nu-bi-xe-tai-tong-tu-vong-4778103.html,1
Đường hơn 3.500 tỷ đồng đi sân bay Thọ Xuân ngưng trệ,https://vnexpress.net/duong-hon-3-500-ty-dong-di-san-bay-tho-xuan-ngung-tre-4777770.html,1
"Thủy điện Hòa Bình, Thác Bà mở thêm cửa xả",https://vnexpress.net/thuy-dien-hoa-binh-thac-ba-mo-them-cua-xa-4777902.html,1
Lương hưu khu vực nhà nước tính toàn bộ quá trình với người đóng từ 1/1/2025,https://vnexpress.net/luong-huu-khu-vuc-nha-nuoc-tinh-toan-bo-qua-trinh-voi-nguoi-dong-tu-1-1-2025-4777843.html,1
Đề xuất 10 nhóm được ưu tiên vay vốn tạo việc làm,https://vnexpress.net/de-xuat-10-nhom-duoc-uu-tien-vay-von-tao-viec-lam-4777784.html,1
Thủ tướng: 'Tăng lương nhưng lạm phát không đáng kể',https://vnexpress.net/thu-tuong-tang-luong-nhung-lam-phat-khong-dang-ke-4777826.html,1
"Nổ lò hơi, hai người chết",https://vnexpress.net/no-lo-hoi-hai-nguoi-chet-4777836.html,1
Sạt lở vùi lấp ba người ở Hà Giang,https://vnexpress.net/sat-lo-vui-lap-ba-nguoi-o-ha-giang-4777751.html,1
Sương mù bao phủ nhiều tỉnh miền Tây,https://vnexpress.net/suong-mu-bao-phu-nhieu-tinh-mien-tay-4777802.html,1
"Công nhân xoay xở trong nhà trọ nhỏ, giá rẻ ở TP HCM",https://vnexpress.net/cong-nhan-xoay-xo-trong-nha-tro-nho-gia-re-o-tp-hcm-4777332.html,1
Đường băng sân bay Côn Đảo có thể được mở rộng,https://vnexpress.net/duong-bang-san-bay-con-dao-co-the-duoc-mo-rong-4777676.html,1
Người dân ngoại thành Hà Nội về nhà sau lũ,https://vnexpress.net/nguoi-dan-ngoai-thanh-ha-noi-ve-nha-sau-lu-4777658.html,1
"Tổng Bí thư, Chủ tịch nước Tô Lâm: Tập trung tháo gỡ vướng mắc về thể chế",https://vnexpress.net/tong-bi-thu-chu-tich-nuoc-to-lam-tap-trung-thao-go-vuong-mac-ve-the-che-4777596.html,1
"Miền Bắc giảm mưa, chuyển nắng nóng",https://vnexpress.net/mien-bac-giam-mua-chuyen-nang-nong-4777614.html,1
Khoảng 4-6 cơn bão sẽ ảnh hưởng đến Việt Nam,https://vnexpress.net/khoang-4-6-con-bao-se-anh-huong-den-viet-nam-4777608.html,1
Sạt lở đất vùi lấp vợ chồng ở Lạng Sơn,https://vnexpress.net/sat-lo-dat-vui-lap-vo-chong-o-lang-son-4777589.html,1
"Tài xế không bằng lái, chạy ôtô ngược chiều trên cao tốc",https://vnexpress.net/tai-xe-khong-bang-lai-chay-oto-nguoc-chieu-tren-cao-toc-4777585.html,1
Đề xuất đầu tư 8.100 tỷ đồng xóa giao cắt đường sắt với quốc lộ,https://vnexpress.net/de-xuat-dau-tu-8-100-ty-dong-xoa-giao-cat-duong-sat-voi-quoc-lo-4777574.html,1
"Xây dựng cơ sở dữ liệu dùng chung về phương tiện, người lái xe, vi phạm",https://vnexpress.net/xay-dung-co-so-du-lieu-dung-chung-ve-phuong-tien-nguoi-lai-xe-vi-pham-4777283.html,1
"4 cầu, hầm chui ở TP HCM sắp thông xe",https://vnexpress.net/4-cau-ham-chui-o-tp-hcm-sap-thong-xe-4777425.html,1
Cây xanh bật gốc đè trúng người đi đường ở TP HCM,https://vnexpress.net/cay-xanh-bat-goc-de-trung-nguoi-di-duong-o-tp-hcm-4777486.html,1
Khánh thành trùng tu Chùa Cầu,https://vnexpress.net/khanh-thanh-trung-tu-chua-cau-4777443.html,1
Đề xuất tăng quyền lợi cho người dân khi thu hồi đất làm dự án,https://vnexpress.net/de-xuat-tang-quyen-loi-cho-nguoi-dan-khi-thu-hoi-dat-lam-du-an-4777391.html,1
"Trung ương cho thôi chức một bí thư, 3 ủy viên",https://vnexpress.net/trung-uong-cho-thoi-chuc-mot-bi-thu-3-uy-vien-4776985.html,1
Hơn 191.000 người sẽ bị ảnh hưởng sau sáp nhập xã phường,https://vnexpress.net/hon-191-000-nguoi-se-bi-anh-huong-sau-sap-nhap-xa-phuong-4777322.html,1
Tổng Bí thư Tô Lâm: Cuộc chiến chống tham nhũng sẽ không ngừng nghỉ,https://vnexpress.net/tong-bi-thu-to-lam-cuoc-chien-chong-tham-nhung-se-khong-ngung-nghi-4777266.html,1
Gần 9.000 tỷ đồng xây cao tốc Dầu Giây - Tân Phú,https://vnexpress.net/gan-9-000-ty-dong-xay-cao-toc-dau-giay-tan-phu-4777310.html,1
Cá voi xuất hiện gần Gành Đá Đĩa,https://vnexpress.net/ca-voi-xuat-hien-gan-ganh-da-dia-4777343.html,1
Tổng Bí thư Tô Lâm: 'Nhân dân là trung tâm công cuộc đổi mới',https://vnexpress.net/tong-bi-thu-to-lam-nhan-dan-la-trung-tam-cong-cuoc-doi-moi-4777347.html,1
8 ôtô tông nhau trên cao tốc TP HCM - Trung Lương,https://vnexpress.net/8-oto-tong-nhau-tren-cao-toc-tp-hcm-trung-luong-4777316.html,1
Đoạn trên cao metro Nhổn - ga Hà Nội đủ điều kiện vận hành,https://vnexpress.net/doan-tren-cao-metro-nhon-ga-ha-noi-du-dieu-kien-van-hanh-4777331.html,1
Cứu 3 người kẹt trong căn nhà cháy ở TP Vũng Tàu,https://vnexpress.net/chay-nha-o-duong-nam-ky-khoi-nghia-vung-tau-4777294.html,1
Chủ tịch nước Tô Lâm làm Tổng Bí thư,https://vnexpress.net/chu-tich-nuoc-to-lam-lam-tong-bi-thu-4777008.html,1
Khai mạc hội nghị Ban Chấp hành Trung ương khóa 13,https://vnexpress.net/khai-mac-hoi-nghi-ban-chap-hanh-trung-uong-khoa-13-4777263.html,1
TP HCM không cho tăng trợ giá buýt điện,https://vnexpress.net/tp-hcm-khong-cho-tang-tro-gia-buyt-dien-4777146.html,1
Đề xuất giảm tiền phạt với vi phạm nồng độ cồn,https://vnexpress.net/de-xuat-giam-tien-phat-voi-vi-pham-nong-do-con-4776981.html,1
Ôtô tông liên hoàn 6 xe máy,https://vnexpress.net/oto-tong-lien-hoan-6-xe-may-4777179.html,1
Ôtô cháy trong hầm Thủ Thiêm,https://vnexpress.net/oto-chay-trong-ham-thu-thiem-4777171.html,1
Hai tháng mưa lũ bất thường ở miền Bắc,https://vnexpress.net/hai-thang-mua-lu-bat-thuong-o-mien-bac-4776198.html,1
Đứt gãy quốc lộ 279 qua Lai Châu,https://vnexpress.net/dut-gay-quoc-lo-279-qua-lai-chau-4777125.html,1
"Đứt cáp thang, 6 công nhân rơi từ độ cao 20 m",https://vnexpress.net/dut-cap-thang-6-cong-nhan-roi-tu-do-cao-20-m-4777111.html,1
Giá vé các đường bay nội địa giảm nhiệt,https://vnexpress.net/gia-ve-cac-duong-bay-noi-dia-giam-nhiet-4777069.html,1
Trung tâm triển lãm 800 tỷ đồng ở Thủ Thiêm hoàn thành năm 2025,https://vnexpress.net/trung-tam-trien-lam-800-ty-dong-o-thu-thiem-hoan-thanh-nam-2025-4777017.html,1
Xây tường cao 2 m chống ngập cao tốc Dầu Giây - Phan Thiết,https://vnexpress.net/xay-tuong-cao-2-m-chong-ngap-cao-toc-dau-giay-phan-thiet-4777025.html,1
TP HCM mở rộng đường cửa ngõ kết nối Bình Dương,https://vnexpress.net/tp-hcm-mo-rong-duong-cua-ngo-ket-noi-binh-duong-4777027.html,1
Gần 200 hành vi có thể bị trừ điểm giấy phép lái xe,https://vnexpress.net/gan-200-hanh-vi-co-the-bi-tru-diem-giay-phep-lai-xe-4776932.html,1
Ba hồ thủy điện lớn mở 7 cửa xả,https://vnexpress.net/ba-ho-thuy-dien-lon-mo-7-cua-xa-4776922.html,1
Thanh Hóa làm cầu vượt đường sắt gần 650 tỷ đồng,https://vnexpress.net/thanh-hoa-lam-cau-vuot-duong-sat-gan-650-ty-dong-4776931.html,1
"Lốc xoáy đánh lật tàu ở Phú Quý, 6 người gặp nạn",https://vnexpress.net/loc-xoay-danh-lat-tau-o-phu-quy-6-nguoi-gap-nan-4776942.html,1
Cuộc sống ở vùng lũ của Thủ đô,https://vnexpress.net/cuoc-song-o-vung-lu-cua-thu-do-4776815.html,1
Ôtô tông chết 3 người trong gia đình,https://vnexpress.net/oto-tong-chet-3-nguoi-trong-gia-dinh-4776927.html,1
Quảng Ngãi có tân chủ tịch UBND tỉnh,https://vnexpress.net/quang-ngai-co-tan-chu-tich-ubnd-tinh-4776837.html,1
Viện Vật lý địa cầu tập huấn người dân vùng động đất,https://vnexpress.net/vien-vat-ly-dia-cau-tap-huan-nguoi-dan-vung-dong-dat-4776787.html,1
Hai dự án lớn ở TP HCM tăng 10.000 tỷ đồng khi áp giá đất mới,https://vnexpress.net/hai-du-an-lon-o-tp-hcm-tang-10-000-ty-dong-khi-ap-gia-dat-moi-4776735.html,1
Xây kè ngăn sạt lở bờ sông Cầu,https://vnexpress.net/xay-ke-ngan-sat-lo-bo-song-cau-4776689.html,1
Tặng sâm Ngọc Linh giúp người nghèo xóa nhà tạm,https://vnexpress.net/tang-sam-ngoc-linh-giup-nguoi-ngheo-xoa-nha-tam-4776570.html,1
Việt Nam sẽ giúp Timor Leste đảm bảo an ninh lương thực,https://vnexpress.net/viet-nam-se-giup-timor-leste-dam-bao-an-ninh-luong-thuc-4776589.html,1
Đường kết nối cao tốc ở Bình Thuận đình trệ do vướng mỏ titan,https://vnexpress.net/duong-ket-noi-cao-toc-o-binh-thuan-dinh-tre-do-vuong-mo-titan-4774193.html,1
"Sập trụ ăng ten Đài truyền hình Kiên Giang, 3 người bị thương",https://vnexpress.net/sap-tru-ang-ten-dai-truyen-hinh-kien-giang-3-nguoi-bi-thuong-4776590.html,1
"3 người chết, nhiều tuyến đê ở Hà Nội gặp sự cố do mưa lũ",https://vnexpress.net/3-nguoi-chet-nhieu-tuyen-de-o-ha-noi-gap-su-co-do-mua-lu-4776552.html,1
"Mưa lớn gây sạt lở, chia cắt nhiều quốc lộ phía Bắc",https://vnexpress.net/mua-lon-gay-sat-lo-chia-cat-nhieu-quoc-lo-phia-bac-4776492.html,1
Cứu thanh niên rơi xuống vực đèo Prenn,https://vnexpress.net/cuu-thanh-nien-roi-xuong-vuc-deo-prenn-4776413.html,1
Những thách thức khi trùng tu Chùa Cầu,https://vnexpress.net/nhung-thach-thuc-khi-trung-tu-chua-cau-4776236.html,1
Bảo tàng Trường Sa có kiến trúc hướng về Biển Đông,https://vnexpress.net/bao-tang-truong-sa-co-kien-truc-huong-ve-bien-dong-4776299.html,1
Chính sách nổi bật có hiệu lực từ tháng 8,https://vnexpress.net/chinh-sach-noi-bat-co-hieu-luc-tu-thang-8-4776014.html,1
Chó dại tấn công 3 người ở Hà Nội,https://vnexpress.net/cho-dai-tan-cong-3-nguoi-o-ha-noi-4776332.html,1
8 nhân viên ngân hàng nghi ngộ độc khí CO,https://vnexpress.net/8-nhan-vien-ngan-hang-nghi-ngo-doc-khi-co-4776304.html,1
Khai quật 700 hiện vật ở phế tích nhà Tây Sơn từng làm căn cứ quân sự,https://vnexpress.net/khai-quat-700-hien-vat-o-phe-tich-nha-tay-son-tung-lam-can-cu-quan-su-4776267.html,1
Giếng khoan cạn khô bỗng phun nước cao 30 m,https://vnexpress.net/gieng-khoan-can-kho-bong-phun-nuoc-cao-30-m-4776282.html,1
"Bắc Ninh có tân Chủ tịch HĐND, UBND tỉnh",https://vnexpress.net/bac-ninh-co-tan-chu-tich-hdnd-ubnd-tinh-4776051.html,1
Chủ tịch nước Tô Lâm: Tiếp tục đẩy mạnh cải cách tư pháp,https://vnexpress.net/chu-tich-nuoc-to-lam-tiep-tuc-day-manh-cai-cach-tu-phap-4776199.html,1
Việt Nam được xuất khẩu khỉ qua Trung Quốc,https://vnexpress.net/viet-nam-duoc-xuat-khau-khi-qua-trung-quoc-4776175.html,1
Đề xuất 13.000 tỷ đồng xây hai nút giao lớn nhất Đồng Nai,https://vnexpress.net/de-xuat-13-000-ty-dong-xay-hai-nut-giao-lon-nhat-dong-nai-4776118.html,1
Kiến nghị xử lý việc lợi dụng hình xăm để trốn nghĩa vụ,https://vnexpress.net/kien-nghi-xu-ly-viec-loi-dung-hinh-xam-de-tron-nghia-vu-4776070.html,1
Cao tốc Lộ Tẻ - Rạch Sỏi dày đặc ổ gà,https://vnexpress.net/cao-toc-lo-te-rach-soi-day-dac-o-ga-4775917.html,1
12 cao tốc do nhà nước đầu tư sắp thu phí,https://vnexpress.net/12-cao-toc-do-nha-nuoc-dau-tu-sap-thu-phi-4775969.html,1
Pin dự phòng điện thoại bốc cháy ở sân bay Tân Sơn Nhất,https://vnexpress.net/pin-du-phong-dien-thoai-boc-chay-o-san-bay-tan-son-nhat-4776116.html,1
Ông Trần Duy Đông được bầu làm Chủ tịch UBND tỉnh Vĩnh Phúc,https://vnexpress.net/ong-tran-duy-dong-duoc-bau-lam-chu-tich-ubnd-tinh-vinh-phuc-4776031.html,1
Thứ trưởng Bộ Khoa học và Công nghệ làm Phó bí thư Quảng Ngãi,https://vnexpress.net/thu-truong-bo-khoa-hoc-va-cong-nghe-lam-pho-bi-thu-quang-ngai-4775892.html,1
Cầu rút ngắn quãng đường 10 km còn 500 m ở TP HCM sắp thông xe,https://vnexpress.net/cau-rut-ngan-quang-duong-10-km-con-500-m-o-tp-hcm-sap-thong-xe-4775711.html,1
"Quét vôi lại, giảm độ sáng hông Chùa Cầu",https://vnexpress.net/quet-voi-lai-giam-do-sang-hong-chua-cau-4775904.html,1
Hai người tử vong dưới kênh thủy lợi,https://vnexpress.net/hai-nguoi-tu-vong-duoi-kenh-thuy-loi-4775912.html,1
Nhà tạm cư ở Hải Phòng xuống cấp,https://vnexpress.net/nha-tam-cu-o-hai-phong-xuong-cap-4775335.html,1
"Kiếm tiền tỷ từ tôm, cua sinh thái",https://vnexpress.net/kiem-tien-ty-tu-tom-cua-sinh-thai-4774140.html,1
"5 người chết do mưa lũ, sạt lở đất",https://vnexpress.net/5-nguoi-chet-do-mua-lu-sat-lo-dat-4775870.html,1
Phó thủ tướng Lê Thành Long kiểm tra vùng ngập lũ ở Hà Nội,https://vnexpress.net/pho-thu-tuong-le-thanh-long-kiem-tra-vung-ngap-lu-o-ha-noi-4775847.html,1
Giám đốc Trung tâm xúc tiến đầu tư Bình Phước bị đề nghị kỷ luật,https://vnexpress.net/giam-doc-trung-tam-xuc-tien-dau-tu-binh-phuoc-bi-de-nghi-ky-luat-4775865.html,1
'Động đất ở Kon Tum do tích nén năng lượng nhiều năm trong lòng đất',https://vnexpress.net/dong-dat-o-kon-tum-do-tich-nen-nang-luong-nhieu-nam-trong-long-dat-4775128.html,1
Công chức Đà Nẵng được hỗ trợ 25 tỷ đồng sau sắp xếp xã phường,https://vnexpress.net/cong-chuc-da-nang-duoc-ho-tro-25-ty-dong-sau-sap-xep-xa-phuong-4775813.html,1
4 tàu neo trong cảng cháy ngùn ngụt,https://vnexpress.net/4-tau-neo-trong-cang-chay-ngun-ngut-4775838.html,1
Tỷ lệ hưởng lương hưu của lao động nam tối thiểu 40%,https://vnexpress.net/ty-le-huong-luong-huu-cua-lao-dong-nam-toi-thieu-40-4775800.html,1
Công binh Việt Nam giúp trẻ em châu Phi có lớp học kiên cố,https://vnexpress.net/cong-binh-viet-nam-giup-tre-em-chau-phi-co-lop-hoc-kien-co-4775776.html,1
Thanh Hóa sẽ làm đường vành đai gần 10.000 tỷ đồng,https://vnexpress.net/thanh-hoa-se-lam-duong-vanh-dai-gan-10-000-ty-dong-4775652.html,1
Thi công thủy điện Cam Ly Đà Lạt gây sạt lở,https://vnexpress.net/thuy-dien-cam-ly-da-lat-4775680.html,1
Bình Định muốn xây đường băng số 2 sân bay Phù Cát,https://vnexpress.net/binh-dinh-muon-xay-duong-bang-so-2-san-bay-phu-cat-4775621.html,1
Trao quyết định điều động Phó bí thư Tỉnh ủy Vĩnh Phúc,https://vnexpress.net/trao-quyet-dinh-dieu-dong-pho-bi-thu-tinh-uy-vinh-phuc-4775589.html,1
TP Hạ Long ngập sau mưa lớn,https://vnexpress.net/tp-ha-long-ngap-sau-mua-lon-4775485.html,1
Metro Nhổn - ga Hà Nội bắt đầu thi công 4 km ngầm,https://vnexpress.net/metro-nhon-ga-ha-noi-bat-dau-thi-cong-4-km-ngam-4775486.html,1
Xưởng bao bì hàng nghìn m2 ở Hòa Bình bốc cháy,https://vnexpress.net/xuong-bao-bi-hang-nghin-m2-o-hoa-binh-boc-chay-4775425.html,1
"Sập hầm lò, 5 công nhân tử vong",https://vnexpress.net/sap-ham-lo-5-cong-nhan-tu-vong-4775465.html,1
20 năm chưa mở rộng xong 3 km đường cửa ngõ Tân Sơn Nhất,https://vnexpress.net/20-nam-chua-mo-rong-xong-3-km-duong-cua-ngo-tan-son-nhat-4774901.html,1
Kho chứa nhang trầm 300 m2 bị thiêu rụi,https://vnexpress.net/kho-chua-nhang-tram-300-m2-bi-thieu-rui-4775430.html,1
Cầu xây xong chờ đường dẫn,https://vnexpress.net/cau-xay-xong-cho-duong-dan-4775362.html,1
Hơn 3.600 đoàn quốc tế viếng Tổng Bí thư Nguyễn Phú Trọng,https://vnexpress.net/hon-3-600-doan-quoc-te-vieng-tong-bi-thu-nguyen-phu-trong-4775420.html,1
Tổng thống Timor Leste sắp thăm Việt Nam,https://vnexpress.net/tong-thong-timor-leste-sap-tham-viet-nam-4775390.html,1
Bí thư Hà Nội yêu cầu di dời hàng nghìn dân vùng ngập lụt,https://vnexpress.net/bi-thu-ha-noi-yeu-cau-di-doi-hang-nghin-dan-vung-ngap-lut-4775323.html,1
Đường sắt từng đề nghị lập gác chắn hẻm ôtô bị tàu tông ở Biên Hòa,https://vnexpress.net/duong-sat-tung-de-nghi-lap-gac-chan-hem-oto-bi-tau-tong-o-bien-hoa-4775218.html,1
Chùa Cầu trước và sau trùng tu,https://vnexpress.net/chua-cau-truoc-va-sau-trung-tu-4775150.html,1
Hiện trạng 26 biệt thự phải tháo dỡ ở khu du lịch Măng Đen,https://vnexpress.net/hien-trang-26-biet-thu-phai-thao-do-o-khu-du-lich-mang-den-4774654.html,1
Hai đoạn đường ở Đăk Nông bị sụt lún,https://vnexpress.net/hai-doan-duong-o-dak-nong-bi-sut-lun-4775137.html,1
Hàng nghìn hộ dân ngoại thành Hà Nội sống chung với lũ,https://vnexpress.net/hang-nghin-ho-dan-ngoai-thanh-ha-noi-song-chung-voi-lu-4774997.html,1
Đề xuất nâng lương trước niên hạn cho sĩ quan hoàn thành tốt nhiệm vụ gìn giữ hòa bình,https://vnexpress.net/de-xuat-nang-luong-truoc-nien-han-cho-si-quan-hoan-thanh-tot-nhiem-vu-gin-giu-hoa-binh-4774859.html,1
Tình nguyện đỡ đẻ ở vùng cao,https://vnexpress.net/tinh-nguyen-do-de-o-vung-cao-4772942.html,1
"Tàu hỏa va chạm ôtô ở TP Biên Hòa, hai người chết",https://vnexpress.net/tau-hoa-va-cham-oto-o-tp-bien-hoa-hai-nguoi-chet-4774992.html,1
Kon Tum xảy ra 21 trận động đất một ngày,https://vnexpress.net/kon-tum-xay-ra-21-tran-dong-dat-mot-ngay-4774988.html,1
"Diễn tập ứng phó sự cố bức xạ, hạt nhân",https://vnexpress.net/dien-tap-ung-pho-su-co-buc-xa-hat-nhan-4774947.html,1
Hai toa tàu trật bánh dưới chân đèo Hải Vân,https://vnexpress.net/hai-toa-tau-trat-banh-duoi-chan-deo-hai-van-4774952.html,1
Hành khách tung tin có lựu đạn bị cấm bay một năm,https://vnexpress.net/hanh-khach-tung-tin-co-luu-dan-bi-cam-bay-mot-nam-4774934.html,1
Miền Bắc sẽ có nơi mưa trên 300 mm,https://vnexpress.net/mien-bac-se-co-noi-mua-tren-300-mm-4774933.html,1
Đèo Prenn cửa ngõ Đà Lạt bị rạn nứt mặt đường,https://vnexpress.net/deo-prenn-da-lat-4774912.html,1
Đắp đê ngăn lụt ở ngoại thành Hà Nội,https://vnexpress.net/dap-de-ngan-lut-o-ngoai-thanh-ha-noi-4774881.html,1
"Động đất rung lắc nhiều tỉnh miền Trung, Tây Nguyên",https://vnexpress.net/dong-dat-rung-lac-nhieu-tinh-mien-trung-tay-nguyen-4774889.html,1
Ghe tàu gặp khó vì lục bình phủ kín kênh rạch miền Tây,https://vnexpress.net/ghe-tau-gap-kho-vi-luc-binh-phu-kin-kenh-rach-mien-tay-4774521.html,1
Mẹ Việt Nam anh hùng 103 tuổi mong tìm thấy hài cốt con,https://vnexpress.net/me-viet-nam-anh-hung-103-tuoi-mong-tim-thay-hai-cot-con-4774409.html,1
Hàng chục nhà dân nứt toác vì công trình chống ngập,https://vnexpress.net/hang-chuc-nha-dan-nut-toac-vi-cong-trinh-chong-ngap-4774780.html,1
Đập bỏ 'nhà mồ gió' xây trái phép ở Biên Hòa trong 60 ngày,https://vnexpress.net/dap-bo-nha-mo-gio-xay-trai-phep-o-bien-hoa-trong-60-ngay-4774773.html,1
Quảng Nam kỷ niệm 120 năm ngày sinh mẹ Nguyễn Thị Thứ,https://vnexpress.net/quang-nam-ky-niem-120-nam-ngay-sinh-me-nguyen-thi-thu-4774799.html,1
"Ngoại trưởng Mỹ thắp hương, chia buồn với gia đình Tổng Bí thư Nguyễn Phú Trọng",https://vnexpress.net/ngoai-truong-my-thap-huong-chia-buon-voi-gia-dinh-tong-bi-thu-nguyen-phu-trong-4774796.html,1
Thủ tướng: Tổng Bí thư Nguyễn Phú Trọng là nhà lãnh đạo đặc biệt xuất sắc,https://vnexpress.net/thu-tuong-tong-bi-thu-nguyen-phu-trong-la-nha-lanh-dao-dac-biet-xuat-sac-4774778.html,1
Tài xế xe buýt bị nhóm người hành hung vì mâu thuẫn trên đường,https://vnexpress.net/tai-xe-xe-buyt-bi-nhom-nguoi-hanh-hung-vi-mau-thuan-tren-duong-4774764.html,1
"Giông lốc làm sập, tốc mái gần 90 căn nhà ở Bến Tre",https://vnexpress.net/giong-loc-lam-sap-toc-mai-gan-90-can-nha-o-ben-tre-4774758.html,1
Ủy viên Bộ Chính trị được thuê biệt thự công vụ rộng 500 m2,https://vnexpress.net/uy-vien-bo-chinh-tri-duoc-thue-biet-thu-cong-vu-rong-500-m2-4774746.html,1
