title,text,author,source_domain
Mùa thu Toronto nhớ về những chiến hữu trên đường Đông Tiến,"Năm nay, bên cạnh những khuôn mặt thân quen, tôi còn nhìn thấy những gương mặt trẻ, những người lần đầu đến nơi này. Có lẽ họ cũng giống tôi lần đầu tới đây. Trong ánh mắt họ, tôi thấy sự tò mò, nhưng cũng bao gồm cả sự trân trọng cho những người lính đã ngã xuống. Những người “mang gươm đi mở cõi” trong văn chương, chí lớn chưa thành nhưng hồn tử sĩ vẫn làm hậu thế ngả mũ cúi chào.",Minh Nhật ,viettan.org
Vận động cho nhân quyền Việt Nam tại Quốc hội Hoa Kỳ,"Một phái đoàn của Việt Tân đã đến Quốc hội Hoa Kỳ, hôm 17 tháng 6 năm 2024, kêu gọi các nhà dân cử Mỹ lưu tâm đến tình trạng của các tù nhân lương tâm tại Việt Nam và tình trạng kiểm duyệt mạng xã hội Facebook.",Ban Biên Tập Việt Tân,viettan.org
Hãy là ngọn gió đổi thay!,"Cộng Sản biến đất nước ta thành một bãi rác đạo đức khổng lồ, hôi tanh và thầy Minh Tuệ là một cơn gió thoảng mang lại một chút không khí trong lành cho đất nước.Đảng Cộng Sản có thể sẽ dập tắt hiện tượng Minh Tuệ, nhưng tinh thần Minh Tuệ sẽ sống mãi nếu mỗi người chúng ta hãy tự thay đổi mình để trở thành một Minh Tuệ, để giữ cho ngọn lửa Minh Tuệ sáng mãi trong tâm thức của người dân Việt Nam.",Trần Nghị,viettan.org
Hội nghị Thượng đỉnh Geneva về Nhân quyền và Dân chủ kỳ thứ 16,"Ngày 15/5/2024, tại Geneva, Thụy Sĩ đã diễn ra Hội nghị Thượng đỉnh về Nhân quyền và Dân chủ kỳ thứ 16 (The 16th Annual Geneva Summit for Human Rights and Democracy).Mục đích của Hội nghị Thượng đỉnh về Nhân quyền và Dân chủ là đề cập đến tình trạng nhân quyền và đặc biệt là để hướng cộng đồng thế giới quan tâm đến một số trường hợp cần phải có sự can thiệp nhanh chóng để giảm đi những khổ nạn có thể xảy đến với các nạn nhân.Hội nghị thượng đỉnh Geneva được tài trợ bởi một liên minh gồm 25 tổ chức phi chính phủ về nhân quyền từ khắp nơi trên thế giới, trong đó có Đảng Việt Tân.",Youtube Việt Tân,viettan.org
Cựu TNLT Châu Văn Khảm gặp gỡ đồng hương tại Hoa Kỳ,"Nhân chuyến thăm Hoa Kỳ, ông Châu Văn Khảm, một đảng viên Việt Tân, người đã bị nhà cầm quyền Việt Nam bắt giam trong gần 5 năm qua bản án 12 năm tù giam với cáo buộc “khủng bố nhằm chống chính quyền nhân dân,” đã có một buổi gặp gỡ đồng hương và thân hữu tại Orange County, Nam California hôm 11/5/2024.",Lạc Việt,viettan.org
Có nên chặt cây xanh để xây đường sắt trên không?,"Không cần phải nói dài dòng, ích lợi của cây xanh trước tiên là thẩm mỹ, nhưng quan trọng hơn cả là nó giữ cho môi trường trong sạch bằng cách hút khí dioxit carbon và thải ra oxy. Chính vì thế khi đi trong rừng hoặc thậm chí dưới những con đường có hai hàng cây xanh lá thì chúng ta cảm thấy mát mẻ và dễ chịu. Cây xanh vì thế trở thành một phần của hệ sinh thái đô thị. Điều này không phải và không thể nói ngược lại.Vậy thì chặt bỏ hàng trăm (nếu tính cả hai thành phố Hà Nội và Sàigòn) thì phải nói là hàng ngàn cây để xây metro có phải là lý do hợp lý và chính đáng không?",Phạm Minh Hoàng,viettan.org
Thực trạng người lao động trẻ tại Việt Nam và giải pháp,"Theo thống kê của Tổng cục Thống kê Việt Nam, số người lao động trẻ từ 15 tuổi lên là 52,4 triệu, chiếm 53,3% tổng dân số.Thời gian qua, tình trạng thu nhập thấp và việc làm bấp bênh nói lên thực trạng khó khăn của người lao động Việt Nam, nhất là trong giới lao động trẻ.Các chuyên gia nói gì? Đâu là nguyên nhân và giải pháp?",Youtube Việt Tân,viettan.org
"Hội thảo ‘Hứa hẹn của Hà Nội, Thực trạng Nhân quyền tại Việt Nam’ trước phiên Kiểm điểm Định kỳ Phổ quát (UPR) của CHXHCN Việt Nam","Một ngày trước phiên Kiểm điểm Định kỳ Phổ quát (UPR) về tình hình nhân quyền tại CHXHCN Việt Nam, tám tổ chức nhân quyền Việt Nam và quốc tế sẽ cùng tổ chức một hội thảo vào ngày 6 tháng 5 năm 2024 để báo động tình trạng vi phạm nhân quyền đang tiếp diễn ở Việt Nam hiện nay.Hội thảo “Hứa hẹn của Hà Nội, Thực trạng tại Việt Nam & hành động để tranh đấu cho nhân quyền” sẽ quy tụ các chuyên gia và nhà hoạt động nhân quyền.",Các NGOs,viettan.org
Các nhà phân tích: Việc chủ tịch nước Việt Nam từ chức cho thấy đấu đá trong nội bộ đảng,"Các nhà phân tích cho rằng việc Chủ tịch nước Việt Nam Võ Văn Thưởng từ chức trong tháng này, chỉ sau một năm trong nhiệm kỳ 5 năm, cho thấy sự đấu đá trong nội bộ đảng Cộng sản và tình trạng bất ổn chính trị tại Việt Nam, ảnh hưởng đến khả năng thu hút đầu tư nước ngoài.",Linh Dan,viettan.org
"Biểu tình lớn tại miền Đông Cuba trong bối cảnh mất điện, thiếu lương thực","Hàng trăm người ở thành phố lớn thứ hai của Cuba, Santiago, đã tham gia vào một cuộc biểu tình công khai hiếm hoi vào Chủ nhật 17/3, theo các phương tiện truyền thông xã hội và báo cáo chính thức, khiến Chủ tịch Cuba Miguel Diaz-Canel phải lên tiếng kêu gọi đối thoại trong một “bầu không khí của sự yên tĩnh và hòa bình.”",Trung Điền,viettan.org
"Campuchia chuyển hướng thương mại sông Mekong qua kênh đào do Trung Quốc xây dựng, gây khó chịu cho Việt Nam","Tranh cãi về kênh đào [Phù Nam – Funal Techo] cũng phản ánh những căng thẳng địa chính trị sâu sắc hơn khi Campuchia cố gắng thoát khỏi sự phụ thuộc vào các tuyến thương mại do Việt Nam kiểm soát, làm suy yếu đòn bẩy khu vực của Hà Nội đồng thời nâng cấp khả năng ảnh hưởng của Bắc Kinh ở khu vực phía Nam sông Mekong.",Trung Điền,viettan.org
Những mối nguy hiểm tiềm ẩn trong con số GDP của Trung Quốc,"Amit Kumar, nhà phân tích và nghiên cứu của Chương trình Nghiên cứu Ấn Độ Dương-Thái Bình Dương của Viện Takshashila đã có phân tích về tình hình kinh tế Trung Quốc đăng trên tạp chí Foreign Policy, số ra ngày 11 tháng 3, 2024. Tác giả cho rằng tình trạng giảm phát và thiếu tiêu dùng đang là những vấn đề lớn đối với Bắc Kinh hiện nay.",Trung Điền,viettan.org
Một tài liệu mật chứng minh Việt Nam đang dối gạt các đối tác của họ,"Chỉ thị mới cho thấy các nhà lãnh đạo Việt Nam nhất quyết duy trì sự kiểm soát, đàn áp. Và họ lo ngại rằng những ảnh hưởng của nước ngoài có thể làm suy yếu chế độ độc tài.Sự hiện hữu của Chỉ thị 24 xoá tan hy vọng rằng các hiệp định thương mại quốc tế sẽ khiến Việt Nam nới lỏng sự kìm kẹp trong nước.",Xuân Lê,viettan.org
Tại sao chiến dịch chống tham nhũng của Việt Nam có thể phản tác dụng?,"Tăng trưởng kinh tế bền vững quả thực đã củng cố sự ủng hộ và niềm tin của công chúng vào sự cai trị của đảng Cộng Sản Việt Nam. Tuy nhiên, tham nhũng, tuy không phải là mới đối với hệ thống độc đảng của Việt Nam, nhưng lại là mối đe dọa đáng kể đối với ĐCSVN hiện nay. Điều này là do tình trạng tham nhũng tràn lan có thể dẫn đến sự yếu kém trong nền kinh tế, gây áp lực lên tính hợp pháp dựa trên hiệu quả hoạt động của đảng.",Trung Điền,viettan.org
Biển Đông 2024: “Vạc dầu Châu Á” sôi trào,"Hãy nhớ lại câu nói mà Tập nhắn nhủ với “người bạn thân thiết” Putin vào tháng 3/2023 “Hiện nay, có những thay đổi chưa từng xảy ra trong 100 năm. Khi chúng ta sát cánh bên nhau, chúng ta sẽ thúc đẩy những thay đổi này.”Đúng như Tập Cận Bình nhận định, đây đang là một thời điểm vàng cho ông ta và Putin theo đuổi những giấc mộng điên rồ nhất. Trong tình huống này, cả Đài Loan và Bãi Tư Chính của Việt Nam đều là những mục tiêu trong tầm ngắm, cân nhắc của Trung Nam Hải.",Tùng Phong,viettan.org
Sự trỗi dậy và sụp đổ của các cường quốc,"Paul Kennedy/ The New Statesman - Trung Điền lược dịch 04/03/2024 Vào tháng 1 năm 1988, tác giả Paul Kennedy chính thức xuất bản sách “The Rise and Fall of the Great Powers” (Sự Trỗi Dậy và Sự Sụp Đổ của các Cường Quốc). Vào lúc đó, tác giả đã tiên đoán về sự sụp đổ của Liên Xô và sự trỗi dậy của Trung Quốc. 35 năm sau (1988-2023), tác giả đã viết đoản văn này để đưa ra một số dự đoán về trật tự thế giới sắp đến.",Trung Điền,viettan.org
Liệu “sấm” Trạng Trình có đúng?,"Trong những ngày đầu xuân Giáp Thìn 2024, trên nhiều trang mạng xã hội, các hội nhóm có người đã trích dẫn đoạn thơ được cho là một câu sấm của Trạng Trình và bày tỏ lo ngại về biến chuyển thời cuộc, liên hệ về khoảng thời gian ứng nghiệm của câu thơ, cũng như những diễn biến địa chính trị trên thế giới và khu vực càng khiến đề tài thêm thú vị, nhận được quan tâm của dư luận. “Long vĩ xà đầu khởi chiến tranh Can qua xứ xứ khổ đao binh Mã đề dương cước anh hùng tận Thân, Dậu niên lai kiến thái bình.”",Tùng Phong,viettan.org
Bí quyết kiểm soát Internet của Trung Quốc,"Khi Internet lần đầu tiên có thể truy cập được trên toàn thế giới, những người lạc quan hy vọng rằng nó sẽ có thể phá vỡ khả năng kiểm soát thông tin của các chế độ độc tài. Người ta cho rằng các chế độ độc tài sẽ bất lực trong việc chống lại cuộc cách mạng thông tin được tạo ra bởi bản chất phi tập trung của Internet. Tuy nhiên, các nhà lãnh đạo Trung Quốc không nghĩ như vậy.",Trung Điền,viettan.org
Navalny đã thay đổi nước Nga như thế nào,"Đối với xã hội Nga đang bối rối, chán nản và thường xuyên bị bao vây bởi một chế độ ngày càng đàn áp, Navalny là nhân vật đoàn kết đơn độc. Mặc dù chính quyền Nga đã cách ly ông trong nhiều lớp biệt giam hơn bao giờ hết kể từ khi ông bị bắt khi trở về Nga vào năm 2021, nhưng ông vẫn tiếp tục giữ được tầm dũng cảm đó cho đến thời điểm qua đời. Cái chết của Navalny đánh dấu một bước đi mới đen tối trong quá trình theo đuổi quyền lực một cách tàn nhẫn của Putin. Nhưng nó cũng đặt ra một thách thức rõ ràng đối với phe đối lập ở Nga, vốn hiện phải tìm cách duy trì sự đoàn kết mà Navalny đã tạo ra và nắm bắt phong trào mà ông đã để lại.",Phạm Nhật Bình,viettan.org
Một số nỗ lực tiêu biểu của Đảng Việt Tân năm 2023,"Trong năm 2023 vừa qua, toàn thể đảng viên Việt Tân đã cố gắng đẩy mạnh các sinh hoạt nội bộ cũng như thực hiện các nỗ lực vận động người dân và quốc tế lên án CSVN về tình hình đàn áp nhân quyền và đặc biệt là phát động chiến dịch 50 Năm Hoàng Sa để vận động dư luận không quên Hoàng Sa và Trường Sa đang bị Trung Quốc chiếm đóng một cách phi pháp. Với rất nhiều nỗ lực âm thầm hay công khai thực hiện, anh chị em Việt Tân muốn chia sẻ đến quý vị ba công tác đã được thực hiện…",Ban biên tập,viettan.org
Nhớ TS Phạm Chí Dũng,"Bộ Công an, một lực lượng kiêu binh có thể tạo dựng chứng cớ để bắt bớ bất kỳ ai. Một chế độ “công an trị” theo mô hình Stasi ở Đông Berlin đã dần hình thành ở quê nhà. Trách cứ ai đây? Chúng là sản phẩm của thời đại chúng ta. Người dân Việt Nam vừa là nạn nhân vừa là đồng phạm với cái thể chế ấy.",Nguyệt Quỳnh,viettan.org
Hội luận trực tuyến “75 năm Quốc Tế Nhân Quyền: Góc nhìn khác về hiện tình Việt Nam”,"Hội luận trực tuyến chủ đề “75 năm Quốc Tế Nhân Quyền: Góc nhìn khác về hiện tình Việt Nam” lúc 9:30 tối thứ Sáu ngày 8/12/2023 với sự góp mặt của các diễn giả: Luật sư Nhân quyền Nguyễn Văn Đài, cựu Tù nhân Lương tâm Paulus Lê Sơn và cựu TNLT Nguyễn Viết Dũng do MC Thanh Lan điều hợp.",Youtube Việt Tân,viettan.org
Việt Tân kính tiễn biệt Đại lão Hòa Thượng Thích Tuệ Sỹ,"Việt Tân xin tiễn biệt Đại lão Hòa Thượng Thích Tuệ Sỹ và gửi lời chia buồn sâu sắc tới các thành viên Giáo Hội Phật Giáo Việt Nam Thống Nhất.Hòa Thượng Thích Tuệ Sỹ sẽ luôn được nhớ đến, không chỉ là một lãnh đạo tôn giáo nổi bật với các công trình nghiên cứu Phật học giá trị, mà còn ở tinh thần đấu tranh bảo vệ Phật Giáo tại Việt Nam",Ban Biên Tập Việt Tân,viettan.org
Ai là người ‘chống lưng’ cho bà Trương Mỹ Lan?,"Để một người phụ nữ có thể “một tay che trời” suốt thời gian dài qua, chắc chắn chống lưng cho bà Trương Mỹ Lan cũng phải là một thế lực cực khủng. Vì vậy, xử lý bà Trương Mỹ Lan cũng chỉ là hành động dư thừa nếu không vạch trần bộ mặt những kẻ đứng sau, cùng chung lợi ích nhóm, đã vơ vét 10% GDP của đất nước.",Linh Linh,viettan.org
Bố già nào đằng sau Trương Mỹ Lan Vạn Thịnh Phát,"Với 90% cổ phần ở Ngân hàng SCB, bà Trương Mỹ Lan đã sử dụng hơn 1.000 công ty trong hệ sinh thái của mình để bỏ túi riêng 304 ngàn tỷ đồng (khoảng 12 tỷ USD), chiếm 6% GDP Việt Nam. Những con số thật rùng mình đó khiến dư luận tự hỏi: Bố già nào đã che ô dù cho vụ cướp trắng trợn này?",Linh Linh,viettan.org
"Còn hơn 3 tháng mới đến Tết, nhiều công nhân nhập cư đã rục rịch trả phòng trọ về quê vì thất nghiệp","Vợ chồng chị Nhàn quê ở Bình Phước đang bắt đầu dọn dẹp để đầu tháng 12 trả phòng trọ tại TP.HCM về quê ăn Tết sớm. “Lần này về là về hẳn, không lên lại thành phố nữa vì dạo này khó tìm việc quá,” chị Nhàn nói. Còn gia đình chị Nhi quê ở Nghệ An cũng dự định về quê ăn Tết sớm vì cuối năm công ty không có đơn hàng. Nếu ở quê kiếm được việc thì vợ chồng chị ở lại luôn.",Gia Minh,viettan.org
"Kinh tế TP.HCM lao dốc, kinh doanh ế ẩm, chợ vắng tanh khách mua","Phóng viên dạo một vòng chợ Phú Định, Quận 6, Sài Gòn, một chợ thường ngày đông đảo, nhộn nhịp kẻ mua người bán đủ các loại thực phẩm thiết yếu hằng ngày. Thế mà nay, giữa tháng 11, hình ảnh cho thấy từ đầu chợ đến cuối chợ vắng tanh khách. Người bán thì nhiều chỉ thấy lưa thưa, lẻ tẻ người mua! Một Sài Gòn ảm đạm trong làn sóng suy thoái kinh tế!",Youtube Việt Tân,viettan.org
Vì sao ông Lưu Bình Nhưỡng bị bắt?,"Sáng 15/11, đồng loạt nhiều tờ báo đưa tin ông Lưu Bình Nhưỡng – Phó trưởng Ban Dân nguyện của Ủy ban Thường vụ Quốc hội, đã bị công an tỉnh Thái Bình khởi tố, bắt tạm giam vì cáo buộc liên quan đến một vụ án ở tỉnh này. Nhiều người dân và mạng xã hội đã hết sức bất ngờ trước thông tin này. Ông Nhưỡng là một trong các chính khách hiếm hoi ở Việt Nam sử dụng mạng xã hội và thường xuyên lên tiếng các vấn đề xã hội như tử tù, dân oan, môi trường, các sự kiện nóng thu hút nhiều dư luận xã hội… Việc bắt giữ ông Nhưỡng không thể không có sự quyết định từ Bộ Công an hay có thể là từ Bộ Chính trị. Những năm trở lại đây, nhiều vụ bắt giữ các nhân vật lớn, Bộ Công an thường giật dây công an các tỉnh đứng ra bắt giữ để tránh sự chú ý của dư luận trong nước và các Tổ chức quốc tế.",Youtube Việt Tân,viettan.org
Đất nước kém phát triển không hẳn do chiến tranh,"Chiến tranh thường được coi là nguyên nhân chính dẫn đến sự kém phát triển của một quốc gia. Tuy nhiên, Hàn Quốc đã chứng minh rằng, không phải lúc nào chiến tranh cũng là lý do chính đáng.",Linh Linh,viettan.org
Có dấu hiệu mờ ám trong vụ bắt giam Đại biểu Quốc hội Lưu Bình Nhưỡng,"Sáng 15/11, đồng loạt nhiều tờ báo đưa tin ông Lưu Bình Nhưỡng – Phó trưởng Ban Dân nguyện của Ủy ban Thường vụ Quốc hội, đã bị công an tỉnh Thái Bình khởi tố, bắt tạm giam vì cáo buộc liên quan đến một vụ án ở tỉnh này. Ông Nhưỡng là một trong các chính khách hiếm hoi ở Việt Nam sử dụng mạng xã hội và thường xuyên lên tiếng các vấn đề xã hội như tử tù, dân oan, môi trường, các sự kiện nóng thu hút nhiều dư luận xã hội…",Gia Minh,viettan.org
Kinh tế Việt Nam 2024 sẽ đối diện với sụp đổ và khủng hoảng,"hững tin bài như đầu tư nước ngoài FDI tăng cao, các nguyên thủ và CEO các tập đoàn lớn đến Việt Nam xúc tiến các dự án tỷ USD, thị trường bất động sản (BĐS) có dấu hiệu khởi sắc những tháng cuối năm và xuất siêu lớn nhất trong 5 năm qua, v.v. Thế nhưng, những con số thống kê lại rất mâu thuẫn và bộ mặt các đầu tàu kinh tế, đô thị phía Nam thì lộ rõ vẻ tiều tụy, thê thảm với đời sống dân sinh ngày một cùng cực khó khăn.",Tùng Phong,viettan.org
Tính chuyên chế của đám đông và xu hướng bài Hoa,"Những tranh cãi gay gắt bắt đầu từ tấm pano quảng cáo có hình ảnh Trấn Thành trong vai bác Ba Phi với cái mũi sửa kiểu Hàn Quốc, cái khăn rằn cho đến các “nội dung lịch sử” của một bộ phim “Đất rừng phương Nam” dường như không có điểm dừng suốt 10 ngày qua. Không còn là chuyện yêu ghét, đánh giá về một bộ phim mà giờ đây có khuynh hướng biến thành một cuộc bài xích và phân biệt người Hoa trên mạng xã hội.",Tùng Phong,viettan.org
Phải nghĩ gì về vụ Trường mầm non Hoa Lan?,"Thời sự trong tuần qua chợt nóng lên với vụ bà hiệu trưởng Trường mầm non Hoa Lan (huyện Tuy Đức, tỉnh Đắk Nông) đã nhiều lần điều giáo viên trong trường đi tiếp các đoàn khách trong tỉnh.",Phạm Minh Hoàng,viettan.org
Nhà cầm quyền Kontum tháo dỡ chùa Linh Sơn thuộc Giáo Hội Phật Giáo Việt Nam Thống Nhất,"Ngày 13/12/2022, công an và hàng chục quan chức địa phương từ thị trấn Plei Kần và huyện Ngọc Hồi, tỉnh Kontum cưỡng chế, tháo dỡ chùa Sơn Linh thuộc Giáo hội Phật giáo Việt Nam Thống nhất, và chỉ trong vài giờ sau đó ngôi chùa đã bị phá hủy hoàn toàn.",Diễm Quỳnh,viettan.org
Một cái Tết buồn,"Cái Tết Quĩ Mão tới đây, là một cái Tết buồn hiu hắt.Chỉ riêng các khu công nghiệp trọng điểm phía Nam như Bình Dương, Biên Hòa, Đồng Nai, TP.HCM… hàng trăm ngàn lao động bị nghỉ việc không lương kể từ đầu quí 4. Ngay cả những tập đoàn đa quốc gia lớn như Pouchen cũng phải cho 20.000 trong số 50.000 lao động nghỉ luân phiên vì thiếu đơn hàng.",Tân Phong,viettan.org
Vận động chính phủ Hòa Lan dùng “gậy” trong chính sách ngoại giao với CS Việt Nam,"Chính phủ Hòa Lan cần áp lực mạnh mẽ lên Hà Nội trước các vi phạm nhân quyền của nhà cầm quyền CSVN là đề nghị mà các vị đại diện phía Cộng Đồng Người Việt, Hội Anh Em Dân Chủ và đảng Việt Tân tại Hòa Lan đã chuyển đến đại diện của Bộ Ngoại Giao Hòa Lan trong buổi gặp gỡ hôm 14/12, nhân Ngày Quốc Tế Nhân Quyền 2022.",TTH tóm lược,viettan.org
Việt Nam là đất nước nông nghiệp nhưng phải chi tỷ đô để nhập khẩu nông sản,"Chỉ tính riêng trong 11 tháng năm 2022, Việt Nam đã chi trên 3 tỷ USD để nhập khẩu các loại mặt hàng thịt. Trong đó, thịt lợn tươi chiếm thị phần lớn nhất, tiếp đến các loại thịt khác và phụ phẩm gia cầm.Thật đáng buồn cho một đất nước thuần nông nhưng lại phải đi nhập khẩu hàng tỷ đô la thực phẩm.",Diễm Quỳnh tổng hợp,viettan.org
Tổng thư ký Liên Hiệp Quốc nêu quan ngại về vấn đề nhân quyền trong chuyến thăm Việt Nam,"Trong một họp báo hồi tuần trước tại Montreal, Canada, Tổng thư ký Liên Hiệp Quốc Antonio Guterres cho biết ông đã công khai nhắc vấn đề nhân quyền và quyền của những nhà hoạt động môi trường trong các chuyến thăm gần đây của ông tới Việt Nam.",Tổng hợp,viettan.org
Viết cho em: Thầy giáo Nguyễn Năng Tĩnh,"Tôi gặp Tĩnh lần đầu tiên vào khoảng tháng Năm, 2016 tại vườn rau Lộc Hưng. Hôm ấy Tĩnh và các anh chị em bạn hữu đến thăm hỏi gia đình của một tù nhân lương tâm. Sau bữa cơm, hai anh em chúng tôi ra nằm kềnh dưới hàng bí leo. Đu đưa trên võng, tôi hỏi về đời sống và công việc của Tĩnh. Cảm nhận đầu tiên của tôi là Tĩnh có cách nói chuyện thật nhẹ nhàng, thỉnh thoảng trên khuôn mặt thanh tú của em nở một nụ cười kín đáo, có lẽ tiềm ẩn trong em những suy nghĩ sâu xa hơn.",Phạm Minh Hoàng,viettan.org
Giải Thưởng Nhân Quyền Lê Đình Lượng vinh danh Thầy giáo Nguyễn Năng Tĩnh: Tiếng hát từ ngục tù,"Tôi thật sự vui mừng khi thầy Nguyễn Năng Tĩnh là khôi nguyên giải thưởng mang tên người anh, người bạn của mình bởi cả hai đã có một quá trình kề vai sát cánh nỗ lực cho lý tưởng mình theo đuổi.Hẳn có người tới nay vẫn chưa biết là cả hai anh đều là những người không xa lạ gì với nhau và với những ai hoạt động ở các tỉnh Nghệ An – Hà Tĩnh. Sự đơn sơ và nhiệt huyết trên từng cây số có lẽ là điểm chung lớn nhất của hai anh.",Trần Minh Nhật,viettan.org
Phóng sự: Gia đình các tù nhân lương tâm vững tin vào con đường người thân đã chọn,"Quyền con người bị xâm phạm nghiêm trọng và có hệ thống tại Việt Nam, đơn cử như quyền tự do báo chí, bao gồm bắt và truy tố tùy tiện những người chỉ trích chính quyền, kiểm duyệt và hạn chế nghiêm trọng tự do Internet; ngăn cấm quyền tự do hội họp và tự do lập hội; hạn chế tự do đi lại, trong đó có việc cấm xuất cảnh đối với các nhà hoạt động; cấm đoán các hoạt động chính trị đối lập. Trong khi tình trạng tham nhũng lại diễn ra hết sức nghiêm trọng.",Youtube Việt Tân,viettan.org
Hãy tìm hiểu về Tuyên Ngôn Quốc Tế Nhân Quyền vì đó là quyền của bạn,"Nhân dịp 74 năm ngày Quốc Tế Nhân Quyền (10/12/1948 – 10/12/2022), xin chia sẻ đến quý độc giả video tóm lược về quyền con người. Tuyên Ngôn Quốc Tế Nhân Quyền với nhiều điều khoản thể hiện sự tiến bộ và nhân văn. Rất mong nhận được sự tiếp tay lan tỏa của độc giả đến mọi người!",Youtube Việt Tân,viettan.org
Ước vọng Nhân Quyền và cuộc chiến để làm Người,"Một ví dụ đại diện cho “thế hệ vàng” đã làm nên sự giàu có, cường thịnh của Trung Quốc hôm nay, đã từng nhiệt thành ủng hộ đảng Cộng Sản Trung Quốc và đã có cơ hội phát tài to lớn đó là Jack Ma… Giờ đây, khi ẩn thân ở Nhật Bản trốn tránh sự truy bức của Trung Quốc Cộng Sản đảng, người thông minh như Jack Ma, có lẽ đã thấu hiểu rằng Nhân Quyền là tất cả, không chỉ là bánh mì, không chỉ là phát tài. Rằng khi không còn Nhân Quyền thì tài sản có hàng chục tỷ Mỹ Kim, bạn cũng khó giữ được mạng sống, phẩm giá của chính mình.",Tân Phong,viettan.org
Nhân quyền cho những người yêu nước!,"Việt Nam vẫn chưa có sự tiến bộ đúng nghĩa nào về nhân quyền. Theo các tổ chức nhân quyền quốc tế, CSVN đang giam giữ hàng trăm tù nhân lương tâm. Họ là những nhà báo, Facebooker, chức sắc tôn giáo, những người chống Trung Quốc xâm lược, nhà hoạt động vì dân chủ và quyền đất đai. Họ không hề phạm tội, trên thực tế họ là những người yêu nước và trăn trở trước vận mệnh dân tộc, nhưng bị bỏ tù vì lên tiếng trước những bất công, sai trái của chế độ.",Ban Biên Tập Việt Tân,viettan.org
Phụ nữ Iran cương quyết đấu tranh đến cùng – cảnh sát ‘đạo đức’ mất dạng trên đường phố!,"Hôm nay nở rộ tin đồn, rằng Iran đã hủy bỏ cảnh sát ‘đạo đức’ và đang xét lại luật bắt phụ nữ đội khăn trùm đầu. Sự việc bắt nguồn từ câu tuyên bố của Tổng trưởng Tư Pháp Iran, Mohamed Jafar Montazeri với truyền thông ngày 4/12/2022 khi được hỏi về hiện tượng “không thấy cảnh sát đạo đức xuất hiện trên đường phố.” Ông Montazeri cho biết “vì cơ chế tạo ra nó đã bị giải thể,” theo hãng thông tấn nhà nước Iran ISNA.",Ban Biên Tập Việt Tân,viettan.org
Sức mạnh từ tờ giấy trắng bất bạo động,"Có thể nói biểu tượng tờ giấy trắng vừa tạo nên một dấu mốc trong lịch sử đấu tranh ở Trung Quốc. Nó phản ánh một tầm nhận thức mới và cao hơn trong lãnh vực đối đầu với chế độ cầm quyền. Không cần các biểu ngữ, băng rôn như trong các cuộc biểu tình truyền thống, chỉ là tờ giấy trắng đơn sơ vì đó là thứ ai cũng có sẵn, ai cũng có thể giơ lên. Kiến thức và kỹ năng về đấu tranh bất bạo động nhiều vô số kể và sức mạnh của nó cũng vô biên. Nhiều người vẫn chưa thực sự hiểu và đánh giá đúng về phương pháp đấu tranh này.",Vũ Việt ,viettan.org
Nỗ lực đấu tranh chống chính sách “zero Covid” của dân Trung Quốc đã mang lại kết quả,"Chưa đầy 24 giờ sau những cuộc đụng độ giữa người biểu tình với cảnh sát chống bạo động, tại tỉnh Quảng Châu, lệnh phong tỏa đã được dỡ bỏ tại ít 7 quận. Một số nơi ít bị xét nghiệm hơn. Đồng thời, người ta được tiếp xúc gần cận với người nhiễm bệnh cách ly tại nhà, theo truyền thông nhà nước.",Reuters - Lê Vĩnh lược dịch,viettan.org
"Doanh nghiệp BOT thua lỗ, sao người dân phải gánh thay","Ngày 24/11, báo Công An Nhân Dân đưa tin “Lại thêm doanh nghiệp muốn bán lại các dự án BOT về Bộ Giao thông Vận tải.” Trước đây, bộ nầy cũng đã đề xuất mua lại 8 dự án BOT thua lỗ với số tiền lên đến 13.115 tỷ đồng (hơn 500 triệu USD). Mang tiếng là bán lại cho Bộ GTVT, nhưng thực chất vẫn là lấy tiền thuế của dân ra mà mua lại các dự án BOT thua lỗ mà thôi.",Hồng Hà,viettan.org
Biểu tình giấy trắng – nói lên tất cả những điều không được nói,"Tờ giấy trắng khổ A4 đã trở thành một thông điệp chung – nói lên rất nhiều mà không cần nói gì cả. Đây là một biểu tượng chống đối mạnh mẽ chế độ độc tài, chống chế độ kiểm duyệt, khống chế mọi quyền căn bản của người dân, chống “Zero Covid,” đòi dân chủ,…",Ban Biên Tập Việt Tân,viettan.org
Việt Nam có nguy cơ giống Venezuela,"Tình hình Việt Nam hiện nay khá giống Venezuela giai đoạn những năm 2015-2016, kiểm soát lạm phát tốt (chỉ số lạm phát là 4-5%). Bất ngờ giá dầu giảm sâu, do các tác động bên ngoài, nhà nước Venezuela in thêm nhiều tiền, dùng đồng nội tệ để ổn định nền kinh tế, và hậu quả là kinh tế rơi vào khủng hoảng, tiền Venezuela mất giá rất nhanh, còn đời sống dân chúng như thế nào thì ai cũng biết.",Hồng Hà,viettan.org
Tức nước vỡ bờ: Trung Quốc biểu tình tràn lan chống chính sách Zero Covid,"Nhưng sự kiện “VinFast xuất 999 chiếc xe VF8 sang thị trường Hoa Kỳ” được tổ chức rầm rộ cũng như lời khẳng định như “đinh đóng cột” của ông Thủ tướng công an Phạm Minh Chính “VinFast đại diện cho thế hệ doanh nghiệp làm ăn đúng pháp luật” …giống như một lời công khai bảo kê cho Vingroup đã có tác dụng ít nhiều với đám “oan gia trái chủ” đang sôi sùng sục đòi tiền, đòi nhà. Mã chứng khoán của Vin đang nằm sàn, ngay lập tức trở nên xanh lét. Quả là vi diệu. Nhưng, phép màu này có kéo dài được bao lâu thì quả thực khó đoán.",Tân Phong,viettan.org
Hãy nghĩ tới một nước Việt Nam tự do dân chủ,"Khi đó, bạn bật TV lên thấy những vấn đề của đất nước như giáo dục, y tế, Biển Đông, tham nhũng được thảo luận sôi nổi và không có vùng cấm. Các chính trị gia tranh luận thẳng thắn, gay gắt một mất một còn về các vấn đề đất nước và về các chính sách liên quan đến đời sống nhân dân. Ngân sách chi tiêu quốc gia được công khai minh bạch để bạn biết rõ những lãnh vực nào đang được vận hành và được tài trợ ra sao.",Vũ Việt ,viettan.org
Việt Tân lên án CSVN chậm trễ chăm sóc y tế khiến TNLT Phan Văn Thu chết trong trại giam,"Cái chết của tù nhân lương tâm Phan Văn Thu một lần nữa tố cáo những vi phạm nhân quyền nghiêm trọng của nhà nước CSVN đối với những người bất đồng chính kiến. Từ lâu, đảng Cộng Sản Việt Nam ngược đãi các tù nhân chính trị bằng nhiều hình thức khác nhau: Ăn uống kham khổ, chế độ giam giữ khắc nghiệt, mất vệ sinh, trong khi điều kiện chăm sóc y tế thì vô cùng tồi tệ. Đây là nguyên nhân khiến gần như tất cả TNLT tại Việt Nam đều mắc bệnh trong nhà tù, bị suy giảm về sức khoẻ, thậm chí có nhiều người đã phải chết trong tù.",Ban Biên Tập Việt Tân,viettan.org
Lối thoát cho nền kinh tế có đuôi,"Hiện nay, Việt Nam đang đứng trước rất nhiều nguy cơ và rủi ro hệ thống. Nhưng điều đang thấy rõ nhất và cũng là rủi ro lớn nhất là khủng hoảng tài chính, chen lấn tín dụng, sụt giảm ngoại hối nhanh chóng, mất kiểm soát tỷ giá hối đoái và vỡ nợ doanh nghiệp trên qui mô quốc gia. Thảm họa này đến nhanh hơn dự đoán bởi nó được kích hoạt bởi sự kiện Ngân hàng SCB.",Tân Phong,viettan.org
Thấy gì qua việc Bộ Tài Chính nói nhà đầu tư tự chịu trách nhiệm khi mua trái phiếu?,"Những ngày vừa qua, Bộ Tài Chính liên tục kêu gọi nhà đầu tư không nên nóng vội, không nên bán sớm trái phiếu vì như thế ảnh hưởng tới quyền lợi nhà đầu tư, nhưng cũng chính họ nói rằng nhà đầu tư sẽ tự chịu trách nhiệm toàn bộ về quyết định mua trái phiếu của mình.",Hồng Hà,viettan.org
Đại Hội ACAT Quốc Tế đồng hành với tù nhân lương tâm Việt Nam,"Sau phần trình bày về tình trạng nhân quyền tại Việt Nam của ông Trịnh Đỗ Tôn Vinh và sau buổi cầu nguyện trang trọng, các thành viên ACAT đã bày tỏ tình liên đới đồng hành cùng với các Tù Nhân Lương Tâm Việt Nam bằng những tấm hình chụp chung với chân dung của những Người Yêu Nước đang bị cầm tù.",Nam Hưng,viettan.org
Miếng da lừa cuối cùng đã hết!,"Thị trường chứng khoán Việt Nam đã mất hơn 80 tỷ Mỹ Kim vốn hóa và nỗ lực “bơm tiền” của Ngân Hàng Trung Ương không còn nhiều tác dụng. Chỉ trong vòng nửa đầu tháng Mười Một năm 2022, hàng trăm ngàn tỷ đã được “bơm ròng” cho khối ngân hàng thương mại để đảm bảo tính thanh khoản hệ thống trước làn sóng rút tiền ào ạt của người dân lan nhanh như một đám cháy rừng.",Tân Phong,viettan.org
Những nền tảng tinh thần cho công cuộc canh tân: Tinh thần trách nhiệm,"Tinh thần trách nhiệm cần phải hiểu là một yếu tố quan trọng cần có trong mọi ngành nghề, trong mọi vị trí trong một xã hội tiên tiến. Từ người quân nhân, anh thợ xây dựng, bác tài lái xe bus, chị y tá, cô giáo, bác nông dân, chị bán hàng rong, anh lính cứu hỏa, anh kỹ sư cầu đường, người công nhân, anh cảnh sát,… cho đến người giám đốc, thị trưởng, dân biểu, bộ trưởng, thủ tướng, tổng thống.",KS Nguyễn Ngọc Bảo - Facebook Ước Mơ Việt Tân,viettan.org
Hội chứng Bắc Kinh của chính quyền Hà Nội,"Để bày tỏ sự phục tùng và tôn kính Bắc Kinh, Nguyễn Phú Trọng đã tuyên bố từ chối mọi liên minh quân sự và không cho phép bất kỳ nước nào đặt căn cứ quân sự trên đất Việt Nam. Đúng là, đây là chính sách của CS Việt Nam từ lâu. Nhưng lần này, ông Trọng đã đi xa hơn bất kỳ nhà lãnh đạo cộng sản nào khác của Việt Nam trong việc ưu tiên quan hệ với Trung Quốc.",Hoàng Tứ Duy/ The Diplomat,viettan.org
Chuyến đi định mệnh?,"Việc Nguyễn Phú Trọng, năm nay đã 78 tuổi, vận động đi lại thậm chí còn khó khăn, vội vã sang Bắc Kinh để “chúc mừng” hoàng đế Tập Cận Bình đăng cơ, xem ra có nhiều ý nghĩa và nội dung quan trọng hơn là một chuyến đi mang tính biểu tượng. Chuyến đi này, cần đặt trong bối cảnh biến động địa chính trị toàn cầu và mục tiêu trọng tâm của Tập Cận Bình giai đoạn tiếp tới. Quan trọng hơn là vai trò của Việt Nam trong bàn cờ và tham vọng bá quyền của Trung Quốc là gì?",Tân Phong ,viettan.org
"Nội dung bài phát biểu của ông Hoàng Tứ Duy, Tổng Bí Thư Đảng Việt Tân trong chuyến vận động dân chủ, nhân quyền cho Việt Nam ở Quốc Hội Canada ","Tôi muốn chia sẻ với quý vị về tầm nhìn của Việt Tân đối với Việt Nam, tầm nhìn này có liên quan như thế nào đến lợi ích của Canada ở vùng Ấn Độ Dương – Thái Bình Dương và những gì chúng ta có thể làm để thúc đẩy lợi ích chung – mà tôi tin rằng đó là một Việt Nam tự do và dân chủ hơn.",Ban Biên Tập Việt Tân,viettan.org
"Đảng Việt Tân gặp chính giới Canada vận động dân chủ, nhân quyền cho Việt Nam","Ngày 27/10/2022, đại diện Đảng Việt Tân có cuộc gặp gỡ với các dân biểu Canada để vận động cho dân chủ và nhân quyền Việt Nam tại quốc hội ở thủ đô Ottawa, Canada. Dân Biểu Judy Sgro chủ trì phiên họp với sự tham dự của 8 dân biểu, 2 đại diện của văn phòng chính phủ, và khoảng 25 thành viên hoặc thân hữu. Ông Hoàng Tứ Duy, Tổng Bí Thư Đảng Việt Tân là diễn giả chính. Bài phát biểu của ông thu hút sự quan tâm đặt câu hỏi của các dân biểu.",Nhóm Truyền Thông đảng bộ Việt Tân Toronto-Ottawa tường trình ,viettan.org
Khủng hoảng đúng qui trình,"Vốn hóa của thị trường chứng khoán Việt Nam đã bốc hơi khoảng 2,2 triệu tỷ đồng tương đương khoảng hơn 90 tỷ Mỹ Kim kể từ đầu tháng Tư, 2022 đến 22/10/2022 và một lần nữa xác lập kỷ lục giảm giá mạnh nhất thế giới. Chỉ số VNindex vào tuần cuối cùng của tháng Mười đã rớt xa khỏi mốc 1000 điểm, xuống còn 986 điểm, mất thêm hơn 5 tỷ USD vốn hóa chỉ trong một phiên ngày 24/10. Đây không còn là một bước hụt chân nữa, đây là một cuộc sụp đổ.",Tân Phong,viettan.org
Chưa từng thấy tại Iran: Tuổi trẻ và phụ nữ lãnh đạo cuộc nổi dậy chống độc tài,"Suốt hơn một tháng qua, người ta thấy thành phần lãnh đạo phong trào nổi dậy là những phụ nữ Iran rất trẻ, tuổi trung bình khoảng 15, cùng với những bạn thanh niên trung học đã can đảm xuống đường biểu tình với khẩu hiệu “Phụ nữ, Đời sống, Tự do.” Trong thái độ tranh đấu cương quyết, dứt khoát và can đảm, họ đã đốt khăn trùm đầu, cắt tóc ngắn, xé hình của Giáo Chủ Ruhollah Khomeini cùng người kế nhiệm Ali Khamenei, và hô vang “Kẻ độc tài phải chết.”",TS Trần Diệu Chân,viettan.org
"Thấy gì từ điệp khúc “giá lên thì bán, giá xuống thì… hết”","Đây không phải là lần đầu tiên các cây xăng trong khu vực miền Nam dừng hoạt động với lý do là không còn xăng để bán. Trong khi giới chức Bộ Công Thương thì luôn miệng nói rằng vấn đề này chỉ là “cục bộ” và do sự “chậm trễ nhất thời.” Điệp khúc này cứ lặp lại mỗi khi giá xăng xuống thấp. Nó khiến nhiều người dân nghi ngờ chủ các cây xăng “găm hàng” đợi tăng giá thì mới bán, tạo thêm bức xúc cho người dân vốn đã chịu quá nhiều áp lực từ cuộc mưu sinh khó nhọc.",Tân Phong ,viettan.org
Đại gia: Những con cừu béo của chế độ Cộng Sản,Dư luận Việt Nam rung động trong suốt hơn một tuần qua trước liên tiếp tin tức về vụ bắt giam và khởi tố “bà trùm” Trương Mỹ Lan và hàng loạt những cái chết bí ẩn các CEO tập đoàn Vạn Thịnh Phát chỉ trước và sau khi bị bắt giam ít ngày. Tất cả diễn biến cùng với những câu chuyện lan truyền lâu nay về thế lực hắc ám Trung Nam Hải đỡ đầu cho tập đoàn Vạn Thịnh Phát này khiến người ta lạnh gáy liên tưởng đến “luật im lặng” trong giới mafia và các cuộc đồ sát tanh mùi máu.,Tân Phong,viettan.org
Vụ tặng 155 triệu Bảng Anh của bà Phương Thảo cho Đại Học Oxford có vấn đề,"Năm ngoái, bà Nguyễn Thị Phương Thảo, Chủ Tịch HĐQT Tập Đoàn Sovico, tuyên bố tặng trường Linacre College thuộc đại học danh tiếng Oxford một 155 triệu Bảng Anh (tương đương 172 triệu USD), với điều kiện ngược lại là trường này phải đổi tên thành Thảo College. Cách đây vài ngày, câu chuyện lại trở nên xôn xao vì khoản tiền đầu tiên, 50 triệu Bảng Anh, mà bà Phương Thảo hứa hẹn giao cho trường Linacre vào cuối tháng Sáu vừa qua đã không đến, và thỏa thuận đang bị nghi ngờ là gặp trục trặc.",Trần Diệu Chân tổng hợp,viettan.org
Cộng Sản Việt Nam được chọn vào Hội Đồng Nhân Quyền LHQ,Việc một quốc gia vi phạm nhân quyền như Việt Nam lại có thể giành chiến thắng trong cuộc bầu cử vào cơ quan này nói lên cấu trúc nhân quyền quốc tế hiện nay có vấn đề.,Sebastian Strangio/ Diplomat - Trần Diệu Chân tóm lược,viettan.org
Chủ Tịch Đảng Việt Tân – Lý Thái Hùng: Tân lãnh đạo & đường lối mới của Đảng Việt Tân,"Trung tuần tháng Chín vừa qua, Đảng Việt Tân đã tổ chức Đại Hội Đảng lần thứ 9. Tại đại hội này, một tân ban lãnh đạo đảng đã được bầu lên với đa số là những ủy viên Trung Ương Đảng sinh ra ở thập niên 70, 80 và 90. Đại hội cũng đã bầu ra hai nhân sự lãnh đạo cao cấp gồm ông Lý Thái Hùng, tân Chủ Tịch Đảng và ông Hoàng Tứ Duy, tân Tổng Bí Thư Đảng. Đại hội cũng đã quyết định rút ngắn nhiệm kỳ của tân ban lãnh đạo còn 3 năm thay vì là 5 năm.",Youtube Việt Tân ,viettan.org
"Trợ lý Tập Đoàn Vạn Thịnh Phát đột ngột qua đời sau 2 ngày bị khởi tố, tạm giam","Bà Nguyễn Phương Hồng, 39 tuổi, trợ lý Công ty Cổ Phần Tập Đoàn Vạn Thịnh Phát đã qua đời ngày 9 tháng Mười, 2022, sau hai ngày bị khởi tố, bắt tạm giam để điều tra về tội “lừa đảo chiếm đoạt tài sản.”Bà Hồng bị khởi tố, bắt tạm giam ngày 7 tháng Mười, cùng với Trương Mỹ Lan, Chủ Tịch Hội Đồng Quản Trị Công ty Cổ Phần Tập Đoàn Vạn Thịnh Phát và nhiều lãnh đạo khác của tập đoàn.",Diễm Quỳnh,viettan.org
GDP tăng trưởng kỷ lục nhưng nền kinh tế chỉ còn cái… vỏ,"Các viên chức cộng sản với tầm nhìn không vượt qua nổi cái bụng của họ, chỉ cần những bảng thành tích tăng trưởng GDP trong nhiệm kỳ của mình “đẹp.” Còn chất lượng tăng trưởng và hậu quả của việc tăng trưởng bằng mọi giá như thế nào thì là việc của… nhiệm kỳ sau. Những vị thủ tướng CSVN đều ưa thích sử dụng đòn bẩy tài chính lớn, tăng chi tiêu công, đầu tư vào hạ tầng… vốn dĩ đã là căn bệnh nghiện khó chữa.",Tân Phong,viettan.org
Khi Thăng Long …đứt long mạch?,"Tràn ngập trên mạng xã hội Việt Nam trong mấy ngày vừa qua là hình ảnh ông cháu ngoại của cựu Chủ Tịch Quốc Hội Nguyễn Sinh Hùng – Trần Sỹ Thanh, người mới được “bế” vào cái ghế “đô trưởng” thành phố Hà Nội, tiếp đón đại sứ Pháp Quốc với một kiểu cách hết sức hợm hĩnh khi vừa đút tay túi quần, vừa bắt tay ông đại sứ.",Tân Phong,viettan.org
Việt Nam không đủ tiêu chuẩn vào Hội Đồng Nhân Quyền LHQ,"Một tuần trước khi Đại Hội Đồng Liên Hiệp Quốc bỏ phiếu bầu các thành viên vào Hội Đồng Nhân Quyền, một liên minh các tổ chức nhân quyền phi chính phủ từ Châu Âu, Mỹ và Canada đã lên tiếng kêu gọi các quốc gia thành viên Liên Hiệp Quốc không bỏ phiếu cho Afghanistan, Algeria, Sudan, Venezuela và Việt Nam, vì chính phủ các quốc gia này “không đủ tiêu chuẩn” để làm thành viên của cơ quan nhân quyền cao nhất của LHQ. Đánh giá của liên minh các tổ chức nhân quyền được dựa trên hồ sơ nhân quyền cũng như hồ sơ biểu quyết của họ về các nghị quyết của Liên Hiệp Quốc liên quan đến nhân quyền.",Ban Biên Tập Việt Tân,viettan.org
CSVN không xứng đáng là thành viên của Hội Đồng Nhân Quyền LHQ,"Đảng Việt Tân cùng Tổ chức UN Watch và các NGO tổ chức họp báo trước Liên Hiệp Quốc hôm nay, 3 tháng Mười, 2022 để kêu gọi các thành viên của Đại Hội Đồng LHQ không bỏ phiếu bầu cho CSVN vào Hội Đồng Nhân Quyền Liên Hiệp Quốc nhiệm kỳ 2023-2025 sẽ được diễn ra vào ngày 11 tháng Mười tới đây.Trong cuộc họp báo, Tổng Bí Thư Đảng Việt Tân ông Hoàng Tứ Duy phát biểu, tình trạng nhân quyền tại Việt Nam trong thực tế đang ngày càng tồi tệ hơn không như những khoe khoang và hứa hẹn trong hồ sơ ứng cử, CSVN không xứng đáng là thành viên của Hội Đồng Nhân Quyền LHQ.",Việt Tân,viettan.org
Gỗ của Nga lách lệnh trừng phạt của Mỹ thông qua Việt Nam,"Cơ quan Điều Tra Môi Trường (EIA), một nhóm giám sát phi lợi nhuận có trụ sở tại Anh, phát hiện ra rằng hầu hết các sản phẩm gỗ bạch dương hiện đang được xuất khẩu từ Việt Nam sang Hoa Kỳ có nguồn gốc từ Nga. Theo số liệu của hải quan Việt Nam, khoảng 40.000 mét khối gỗ bạch dương được vận chuyển hàng tháng từ Nga và Trung Quốc vào Việt Nam, nơi chúng được lắp ráp thành đồ nội thất và ván ép. Và những chiếc ghế và khung giường này sẽ được bày bán trên kệ của các nhà bán lẻ lớn của Mỹ.",Ban Biên Tập Việt Tân,viettan.org
Nhiều nước Châu Á lên tiếng phản đối Nga sát nhập 4 vùng lãnh thổ của Ukraine,"Một ngày sau khi Nga chính thức tuyên bố sát nhập 4 tỉnh của Ukraine, nhiều quốc gia châu Á đã lên tiếng phản đối động thái trên.Thủ Tướng Hun Sen trong bài phát biểu nói rằng, Campuchia giữ vững lập trường “phản đối chủ nghĩa ly khai, cũng như sát nhập bất hợp pháp lãnh thổ của một quốc gia có chủ quyền.” Hun Sen nói thêm “Tôi từng tuyên bố rằng Campuchia sẽ không ủng hộ việc một quốc gia sử dụng vũ lực để chống lại quốc gia khác,”",Diễm Quỳnh,viettan.org
Tổng Trọng điều phe Nam ra ‘Bắc phạt’,"Tin đồn về việc ông Trọng sẽ nghỉ giữa nhiệm kỳ vì lý do sức khỏe bắt đầu từ lúc ông đột quị ở Kiên Giang… Thế nhưng, cho đến nay, sau 3 năm, ông Trọng vẫn ngồi đó. Mặc cho các phe phái sát phạt nhau một sống hai chết, ông vẫn yên vị, ung dung định đoạt chính trường bằng việc “đốt lò” và chơi cờ người.",Tân Phong,viettan.org
Việt Tân phản đối tình trạng công an gia tăng bạo lực với dân,Việt Tân phản đối tình trạng công an gia tăng bạo lực với dân,Ban Biên Tập Việt Tân,viettan.org
Gia đình thiếu niên bị công an tỉnh Sóc Trăng đánh nộp đơn tố cáo,"Ông Nguyễn Văn Đồng, ở thị xã Vĩnh Châu, tỉnh Sóc Trăng, cha của một trong 2 thiếu niên bị công an Sóc Trăng đánh cho biết gia đình đã gửi đơn tố cáo đến cơ quan chức năng.Ông Đồng còn cho biết hôm 28 tháng Chín có người gọi điện thoại năn nỉ gia đình bỏ qua, đừng làm đơn thưa kiện, sẽ có người đến xin lỗi. Ông nói: “Đánh con tui rồi giờ xin bỏ qua là sao. Tôi đề nghị cơ quan chức năng phải xử lý đến nơi đến chốn.”",Ban Biên Tập Việt Tân,viettan.org
Đức cảnh cáo Iran và Hezbollah chớ can thiệp vào xung đột đang nóng ở Trung Đông,"Thủ tướng Đức Scholz tuyên bố trước khi lên đường tới Israel để bày tỏ tình liên đới: “Cùng với các đồng minh của mình, chúng tôi với tư cách là chính phủ Cộng hòa Liên bang Đức đang tìm cách bảo đảm rằng cuộc xung đột này không leo thang thêm nữa;” và “Một lần nữa tôi cảnh cáo, Hezbollah và Iran không được can thiệp vào cuộc xung đột,” ông cảnh cáo.",Nguyễn Đức,viettan.org
Cái hộp Pandora ở Trung Đông đã mở,"Cuộc tấn công bất ngờ của lực lượng Hamas hôm 7/10 vừa qua được nhiều người ví như là sự kiện 11 tháng 9 của Do Thái và cho đây là một thất bại không thể biện minh của các cơ quan tình báo Do Thái như Mossad, Shin Bet, Aman và cả tình báo Mỹ CIA.",Tùng Phong ,viettan.org
À Ơi Cánh Cò,"Năm giờ sáng ngày 30/9/2023, mẹ tôi đã khép mắt. Cánh cò đã lặng lẽ bay về quê hương như ước mơ muôn đời của mẹ. Từ nay, con phố Bolsa không còn bóng mẹ áo nâu – nón lá nữa mẹ ơi! Con ngồi đây nhớ thương da diết cánh cò của mình…",Hương Giang,viettan.org
Báo cáo viên Đặc biệt LHQ bàng hoàng trước việc hành quyết một tội phạm ở Việt Nam,"Sau vụ cháy chung cư thảm khốc lấy đi 56 sinh mạng ở Hà Nội thì cái chết của Lê Văn Mạnh là sự kiện bi thương tiếp nối. Chúng ta chỉ có thể cầu nguyện cho những linh hồn khổ đau ấy được đến một thế giới khác tốt đẹp hơn. Rồi sao nữa? Để chờ đợi đến lượt chính chúng ta hoặc con em chúng ta trở thành những nạn nhân thê thảm của một xã hội mục nát và băng hoại, nơi mà Công lý đã bị tử hình từ lâu?",OHCHR,viettan.org
Trung Quốc và Hoa Kỳ chơi cờ vây trên bàn cờ Đông Nam Á,"Nếu nói đến bộ môn cờ vây truyền thống của văn hóa Trung Hoa, hẳn nhiên Hoa Kỳ là một “tay mơ.” Nhưng nếu coi thường đối thủ trong bộ môn này thì một kỳ thủ cũng có thể thua lấm bụng, đặc biệt đối thủ là một tay thông minh, quan sát tốt.",Tùng Phong,viettan.org
"Tập Cận Bình không tới G20, tín hiệu đáng ngại từ “rồng Trung Hoa”","Sự vắng mặt của Tập Cận Bình ở diễn đàn 20 nền kinh tế lớn nhất thế giới G20 tại Ấn Độ vào ngày 8-9 tháng Chín tới đây được nhiều báo chí quốc tế khai thác và bình luận. Nhận định chung coi đó là chính sách tự cô lập, rời bỏ các định chế và sân khấu quốc tế hay sự lu mờ hình ảnh của đại cường mới nổi…",Tùng Phong,viettan.org
Công lý đã bị tử hình?,"Sau vụ cháy chung cư thảm khốc lấy đi 56 sinh mạng ở Hà Nội thì cái chết của Lê Văn Mạnh là sự kiện bi thương tiếp nối. Chúng ta chỉ có thể cầu nguyện cho những linh hồn khổ đau ấy được đến một thế giới khác tốt đẹp hơn. Rồi sao nữa? Để chờ đợi đến lượt chính chúng ta hoặc con em chúng ta trở thành những nạn nhân thê thảm của một xã hội mục nát và băng hoại, nơi mà Công lý đã bị tử hình từ lâu?",Tùng Phong,viettan.org
"Cảnh giác về Trung Quốc, Mỹ xích lại gần hơn với cựu thù Việt Nam","Ông Hoàng Tứ Duy, Tổng bí thư Việt Tân, một tổ chức chính trị vì dân chủ ở Việt Nam, cho biết, Washington nên kiên quyết đòi hỏi phải có tiến bộ về nhân quyền và tự do dân sự, ngay cả khi thực hiện điều này một cách lặng lẽ. “Để có một khu vực Ấn Độ – Thái Bình Dương tự do và cởi mở,” ông nói, “chúng ta cần phải có các xã hội tự do và cởi mở.”",Ellen Nakashima & Rebecca Tan/ Washington Post,viettan.org
Phó Thủ tướng Lê Văn Thành từ trần: Lỗi hệ thống của thể chế chính trị bị phơi bày bằng những vụ thanh trừng phe phái!,"Có tin đồn từ năm ngoái đến năm nay mới “chính thức phát tang.” Vật vã trụ được gần năm, giờ mới nhắm mắt hẳn. Mặc dù trước đó đã có tin đồn ông phó thủ tướng chết lâu rồi mà đến giờ chính quyền mới cho đưa tin. Việc ông ta vắng mặt cũng không thấy giải thích nguyên nhân, theo thói quen che đậy sự thật.",Hạnh Nhân,viettan.org
Vingroup và canh bạc tất tay ở dự án Hạ Long Xanh,"Ngay tại thời điểm hiện tại, hàng trăm ngàn căn hộ shophouse, condotel, biệt thự biển ở khắp mọi miền đang tình trạng bỏ hoang, không có người ở, không có người thuê, gần như không có giao dịch. Vậy ngài tỷ phú Phạm Nhật Vượng xây dựng cả một đại đô thị Hạ Long Xanh – nơi chỉ dành cho giới nhà giàu, với quĩ đất tương đương với quận Đồ Sơn- Hải Phòng, thì sẽ để bán cho ai?",Tùng Phong ,viettan.org
Việt Nam đàn áp bất đồng chính kiến,"Hầu hết người Úc biết đến Việt Nam nhờ những món ăn ngon, những bãi biển đẹp như tranh vẽ và lịch sử thời chiến kinh hoàng. Nhưng nhiều người có thể không biết rằng quốc gia Đông Nam Á này cũng có một sự khác biệt khét tiếng là có hơn 150 tù nhân chính trị, bị giam giữ vì các hành vi tự do ngôn luận ôn hòa. Người ta hiếm khi nghe nói về những tù nhân chính trị này bởi vì chính phủ Việt Nam đang cố gắng hết sức để thể hiện mình là một đối tác an ninh và thương mại đáng tin cậy đối với phương Tây.",Elaine Pearson/ The Diplomat,viettan.org
Đạo quân tí hon của bạo chúa,"Tổng thống Nga Vladimir Putin mới đây đã ra lệnh cho tất cả trẻ tiền mẫu giáo Nga phải được dạy những bài học quân sự để bảo đảm sẽ có những thế hệ quân nhân tương lai, theo tin của RadarOnline.com.",nan,viettan.org
Những lý do cuộc nổi loạn tại Pháp và hướng giải quyết trong một chế độ pháp trị,"Vào ngày thứ ba 27/6/2023, Nahel M. một thiếu niên 17 tuổi trong vùng ngoại ô Nanterre, phía Tây Bắc Paris, đã bị cảnh sát bắn chết, khi muốn lái xe vượt chạy khỏi sự kiểm soát của cảnh sát. Cuộc điều tra đang diễn ra và cho thấy, việc cảnh sát xử dụng súng không cần thiết trong biến cố này. Ngay sau đó, trong bốn ngày liên tiếp vừa qua, các cuộc bạo loạn đã xảy ra trên hầu hết các thành phố lớn tại Pháp như Paris, Lyon, Marseille, Nantes, Bordeaux, Toulouse, Lille, Strasbourg,…",KS Nguyễn Ngọc Bảo,viettan.org
Tướng hàng đầu của Nga bị bắt vì liên quan đến cuộc nổi dậy Wagner,"Hai tướng hàng đầu của Nga đã biệt tăm kể từ cuộc nổi dậy của lực lượng đánh thuê Wagner do thủ lĩnh Yevgeny Prigozhin cầm đầu ngày 24/6 vừa qua. Một người thì có tin đồn đã bị bắt, người kia mất dạng.",Tổng hợp,viettan.org
"Putin biệt tăm trong khi mọi người tự hỏi, làm thế nào mà quân nổi dậy Wagner tiến được gần Moscow như vậy","Vladimir Putin đã biến mất khỏi tầm nhìn của công chúng kể từ khi yêu cầu dân chúng Nga không ủng hộ một cuộc đảo chính trong khi bộ máy tuyên truyền của ông ta đặt câu hỏi, làm thế nào mà quân nổi dậy có thể tiến về gần Moscow như vậy?",James Kilner/ The Telegraph,viettan.org
Nguồn gốc tội ác và bạo loạn ở Tây Nguyên,"Cuộc bố ráp đang biến thành một cuộc trả thù sắc tộc không kiểm soát có thể tạo ra xung đột sâu sắc thêm, hậu quả sẽ vô cùng nghiêm trọng. Điều đó cần phải chấm dứt ngay. Cuộc khủng hoảng này cần nhanh chóng khép lại bằng tiến trình luật pháp. Điều quan trọng hơn là Hà Nội nhìn nhận ra ngọn nguồn của mâu thuẫn dẫn đến tội ác và bạo loạn như đã xảy ra trong nhiều thập kỷ qua và vẫn nhức nhối tới hôm nay dù nhà cầm quyền đã tiêu tốn một nguồn lực khổng lồ. Vấn đề cần được giải quyết ở gốc rễ chứ không phải bằng bạo lực và đàn áp sắt máu.",Tùng Phong,viettan.org
"Máy bay C919 của Trung Quốc cất cánh, nhưng có bay được hay không còn tùy thuộc vào lệnh cấm của Hoa Kỳ","Nhật báo Bắc Kinh do nhà nước Trung Quốc (TQ) điều hành đã hớn hở tuyên bố: “Sau nhiều thế hệ nỗ lực, cuối cùng chúng ta đã phá vỡ thế độc quyền hàng không của Tây Phương và thoát khỏi nỗi nhục phải ngồi may (chai đít) ‘800 triệu chiếc áo sơ mi cho một chiếc Boeing’.” Tuy vậy, các nhà phê bình đã nhanh chóng lưu ý rằng động cơ, hệ thống điện tử hàng không và các thành phần quan trọng khác của C919 đều được mua từ các nhà cung cấp của Hoa Kỳ và Châu Âu. Tạp chí The Wall Street Journal đã đưa tin rằng, C919 “phải leo lên một con đường dốc mới dẫn đến sự thành công.”",Scott Foster/ Asia Times,viettan.org
Geneva Summit kỳ thứ 15: Phản bác các tuyên truyền của các chế độ độc tài ,Mục đích của Hội Nghị Thượng Đỉnh Geneva về Nhân Quyền và Dân Chủ là để nêu lên tình trạng nhân quyền và đặc biệt là để hướng cộng đồng thế giới quan tâm vào một số trường hợp cấp bách cần phải có sự can thiệp nhanh chóng để giảm đi những khổ nạn có thể xảy đến với các nạn nhân. Hội nghị Geneva Summit là môi trường thuận lợi cho các nhà hoạt động nhân quyền cũng như các nạn nhân có một diễn đàn rộng lớn để nói lên các vi phạm nhân quyền mà chính quyền nước họ đang cố tình che dấu dư luận thế giới.,Hải Đăng tường trình từ Geneva ,viettan.org
Những bất hợp lý qua vụ tăng giá điện tại Việt Nam,"Trong phiên họp Quốc hội ngày 25/5/2023 vừa qua, việc tăng giá điện lên 3%, việc lỗ khủng của Tập đoàn Điện lực Việt Nam (EVN), đặc biệt là việc “Việt Nam là cường quốc điện gió, điện mặt trời, thiên nhiên ưu đãi như thế nhưng vì sao phải nhập khẩu điện từ Lào và Trung Quốc, và lại xác định sẽ nhập điện lâu dài?” đã làm lộ ra nhiều vấn đề uẩn khúc và hầu như “hết thuốc chữa.”",GS Phạm Minh Hoàng ,viettan.org
Quốc Hội California Công Nhận Ngày 11 Tháng 5 là Ngày Nhân Quyền Cho Việt Nam,"Quốc Hội Tiểu Bang California đã thông qua Nghị Quyết ACR 45, công nhận ngày 11 tháng 5 hàng năm là ngày tranh đấu cho nhân quyền tại Việt Nam.",nan,viettan.org
Tuổi trẻ Thái Lan đang thay đổi cục diện chính trị,"Trong một căn nhà nhỏ hẹp chật chội ở một vùng ngoại ô Bangkok, một nhóm tình nguyện viên đang sốt sắng soạn các tờ rơi để vận động cho cuộc tổng tuyển cử tại Thái Lan. Căn nhà nhỏ hẹp đó chính là trụ sở của đảng Move Forward (đảng Tiến Lên), dùng để vận động cho các thành viên của họ ứng cử vào ghế Quốc Hội.",FB Ước Mơ Việt Tân,viettan.org
Viết cho Anh: Anh Trương Dũng,"Thầy Vũ Hùng đã kể cho tôi biết có thể anh Trương Dũng là người bị công an hành hung nhiều nhất trong các anh chị em đấu tranh trong Nam lẫn ngoài Bắc. Tôi nghe mà thấy xót xa. Theo thống kê của RFA, kể từ năm 2013 đến năm 2018, anh Dũng đã bị công an đánh ít nhất sáu lần. Lần gần nhất là vào ngày 14/3/2018 khi Dũng bị đánh đến gãy răng ở Cơ quan An ninh điều tra Công an TP Hà Nội sau khi cùng những người khác thắp hương tưởng niệm các liệt sĩ đã hy sinh bảo vệ đảo Gạc Ma ở Trường Sa trong một trận hải chiến với Trung Quốc hồi năm 1988.",Phạm Minh Hoàng ,viettan.org
Sám hối,"Tôi không phải là một trong số những thuyền nhân năm xưa. Nhưng tôi biết ngay trong thời điểm này, có không ít người vẫn đang phải lưu vong trên chính quê hương mình hoặc phải tất bật nơi xứ người. Có không ít những giọt nước mắt được chôn chặt trong tim của nhiều người. Chẳng ai muốn lìa bỏ quê hương mình cả. Chẳng ai muốn phải bỏ mình trong những chuyến xe tử thần để vượt biên bằng đủ hình thức cả. Thảm cảnh 39 nạn nhân Việt bị tử vong trên xe đông lạnh vào Anh Quốc, vừa là tiếng khóc vừa là tiếng than của giới trẻ: Quê hương có còn là “chùm khế ngọt”?",Trần Minh Nhật,viettan.org
Quân đội Việt Nam có một đội quân troll và Facebook là vũ khí của họ,"Lực lượng 47 lạm dụng các công cụ an toàn của Facebook để bịt miệng những người chỉ trích chính phủ ở quê nhà và mọi nơi trên thế giới. Đội quân troll thao túng các công cụ kiểm duyệt của Facebook để bịt miệng những tiếng nói bất đồng chính kiến; Nhắm mục tiêu vào các bài viết bằng tiếng Việt, các chiến dịch báo cáo hàng loạt tấn công cả các mục tiêu bên ngoài Việt Nam; Meta cho biết “rất có khả năng Facebook sẽ bị chặn toàn bộ” nếu công ty cấm đội quân này hoạt động.",Danielle Keeton-Olsen - Rest of World ,viettan.org
